id,url,user,count,title,imageurl
149,http://gigazine.net/news/20140722-used-e-book-legitimated/,beth321,78,読み終えた電子書籍を販売できる転売サイトに「閉鎖する必要なし」の判決 - GIGAZINE,http://cdn-ak.b.st-hatena.com/entryimage/208444017-1406000916.jpg
150,http://news.mynavi.jp/news/2014/07/23/124/,beth321,160,東京都・恵比寿に、IQ140以上を保証する保育園誕生! - 未達の場合は返金も | マイナビニュース,http://cdn-ak.b.st-hatena.com/entryimage/208778281-1406086928.jpg
151,http://www.ikedahayato.com/20140723/10108734.html,beth321,116,IT系ブロガー必見！freee、ココナラ、BASE、クラウドワークス…「アフィリエイト」で紹介できるおすすめウェブサービス一覧 : まだ東京で消耗してるの？,http://cdn-ak.b.st-hatena.com/entryimage/208734373-1406071225.jpg
152,http://www.yasuhisa.com/could/article/single-column/,beth321,126,シングルカラムから始める情報設計 : could,http://cdn-ak.b.st-hatena.com/entryimage/208741661-1406074814.jpg
153,http://blog.fenrir-inc.com/jp/2014/07/about-d-language.html,beth321,213,C言語に置き換わるか？現在はFacebookで開発されているD言語について (フェンリル | デベロッパーズブログ),http://cdn-ak.b.st-hatena.com/entryimage/208788737-1406094021.jpg
154,http://jbpress.ismedia.jp/articles/-/41296,beth321,102,米国の大学を侵食する中国の「孔子学院」 全米最大級の教授組織が抗議声明：JBpress(日本ビジネスプレス),http://cdn-ak.b.st-hatena.com/entryimage/208678041-1406047503.jpg
155,http://kabumatome.doorblog.jp/archives/65795933.html,beth321,141,矢澤にこさん発祥、人気キャラお誕生日投資法 : 市況かぶ全力２階建,http://cdn-ak.b.st-hatena.com/entryimage/208728725-1406066846.jpg
156,http://www.if-gakushihoken.com/doshiro/yokin/,beth321,66,預金がインフレに弱いは根拠が薄い｜保険約款には載らない保険の雑学,http://cdn-ak.b.st-hatena.com/entryimage/208603709-1406028359.jpg
157,http://www.asahi.com/articles/ASG7R3C5LG7RUTIL00K.html,beth321,98,仰天発想、４人同時トイレ誕生　きっかけはマラソン：朝日新聞デジタル,http://cdn-ak.b.st-hatena.com/entryimage/208770113-1406083778.jpg
158,http://www.pexels.com/,beth321,34,Pexels · Free Photo Search with over 800 Photos,http://cdn-ak.b.st-hatena.com/entryimage/205851225-1405384428.jpg
159,http://photoshopvip.net/archives/66674,beth321,468,800枚以上の無料写真をカテゴリー別にダウンロードできるサイトPexels - Photoshop VIP,http://cdn-ak.b.st-hatena.com/entryimage/208753377-1406079322.jpg
160,http://diamond.jp/articles/-/56455,beth321,181,「産め」の次は「働け」？配偶者控除見直し？安倍政権なに言ってんだ！保育園整備が先だろ！――ワーキングマザーぶちまけ座談会｜配偶者控除見直しの是非を考える｜ダイヤモンド・オ,http://cdn-ak.b.st-hatena.com/entryimage/208733229-1406069773.jpg
161,http://hatenanews.com/articles/201407/21833,beth321,193,ウイスキー「山崎」を使ったかき氷、京都のビアガーデンに登場　最後は炭酸水をかけてハイボールに - はてなニュース,http://cdn-ak.b.st-hatena.com/entryimage/208795705-1406092418.jpg
162,http://hatenanews.com/articles/201407/21837,beth321,13,働く女性向けの「グランドキリン」、キリンビールとローソンが共同開発　8/5に先行発売 - はてなニュース,http://cdn-ak.b.st-hatena.com/entryimage/208812113-1406095000.jpg
163,http://hatenanews.com/articles/201407/21845,beth321,14,KIRIMIちゃん.を見て、触って……「子ども霞が関見学デー」水産庁イベントに参加 - はてなニュース,http://cdn-ak.b.st-hatena.com/entryimage/208833585-1406100383.jpg
164,http://hatenanews.com/articles/201407/21841,beth321,28,掃除ロボ「ルンバ」初のフォトエッセイ　猫と仲間になり、人形に恋をし、旅に出る - はてなニュース,http://cdn-ak.b.st-hatena.com/entryimage/208832693-1406099906.jpg
165,http://www.nikkei.com/article/DGXNASDF22H14_S4A720C1MM8000/,beth321,69,教育贈与の非課税、２～３年延長　子育てに拡大も　　：日本経済新聞,http://cdn-ak.b.st-hatena.com/entryimage/208685669-1406048674.jpg
166,http://ameblo.jp/bethbethbeth/entry-11898609223.html,beth321,2,7月22日のブックマーク｜北海道が大好きだ！,http://cdn-ak.b.st-hatena.com/entryimage/208835617-1406100820.jpg
167,http://www.j-cast.com/2014/07/22211152.html,beth321,4,(1/2) 大分県教組が「慰安婦ツアー」違法募集　産経が1面トップで批判 : J-CASTニュース,http://cdn-ak.b.st-hatena.com/entryimage/208625369-1406033395.jpg
168,http://www.j-cast.com/2014/07/21211039.html,beth321,2,後藤真希、3歳年下と結婚へ　スポニチ報じる : J-CASTニュース,http://cdn-ak.b.st-hatena.com/entryimage/208344025-1405961561.jpg
169,http://www.j-cast.com/2014/07/22211143.html,beth321,2,(1/2) 倉敷女児監禁の容疑者の「異常な言動」を解く　専門家「小児愛だが精神病ではない」 : J-CASTニュース,http://cdn-ak.b.st-hatena.com/entryimage/208626705-1406033334.jpg
170,http://portal.nifty.com/kiji/140723164674_1.htm,beth321,33,夏は池袋で毒づくし！ 毒毒毒毒毒毒毒毒毒展（もうどく展） - デイリーポータルZ：@nifty,http://cdn-ak.b.st-hatena.com/entryimage/208762705-1406082026.jpg
171,http://portal.nifty.com/kiji/140723164675_1.htm,beth321,16,神輿にやりたい放題な祭り「あばれみこし」 - デイリーポータルZ：@nifty,http://cdn-ak.b.st-hatena.com/entryimage/208770717-1406083929.jpg
172,http://portal.nifty.com/kiji/140722164666_1.htm,beth321,74,カブ旅行のすゝめ - デイリーポータルZ：@nifty,http://cdn-ak.b.st-hatena.com/entryimage/208515989-1406013409.jpg
173,http://labaq.com/archives/51830885.html,beth321,4,「これは何かのジョーク？」猫がまったく面白くないと不服なとき…人気の写真:らばQ,http://cdn-ak.b.st-hatena.com/entryimage/208776181-1406086412.jpg
174,http://labaq.com/archives/51830717.html,beth321,7,「最高に楽しそうなビニールプールを買ってきた…あれ？えええ!?」理想と現実に打ちひしがれる例いろいろ:らばQ,http://cdn-ak.b.st-hatena.com/entryimage/208261629-1405939963.jpg
175,http://labaq.com/archives/51830809.html,beth321,3,「ちょっと教えて！初めて猫を飼ったけど、この行動は普通なの!?」…アドバイスを求めていた写真:らばQ,http://cdn-ak.b.st-hatena.com/entryimage/208425193-1405994589.jpg
176,http://labaq.com/archives/51830814.html,beth321,10,「好きな人と暮らし始めて、受け入れがたいと感じたのはどんなところ？」赤裸々な回答いろいろ:らばQ,http://cdn-ak.b.st-hatena.com/entryimage/208444577-1406000956.jpg
177,http://www.forest.impress.co.jp/docs/review/20140723_658966.html,beth321,11,【レビュー】利便性の高いキーのみを表示する省スペースな仮想キーボード「MouseKeySimple」 - 窓の杜,http://cdn-ak.b.st-hatena.com/entryimage/208774861-1406085955.jpg
178,http://www.forest.impress.co.jp/docs/news/20140722_658981.html,beth321,6,Opera、ハート型ボタンからの登録先を選択可能になった「Opera 23」の正式版を公開 - 窓の杜,http://cdn-ak.b.st-hatena.com/entryimage/208632169-1406035514.jpg
179,http://www.forest.impress.co.jp/docs/review/20140722_658928.html,beth321,4,【レビュー】“Google カレンダー”“ToDo リスト”と同期できるストアアプリ「gmail calendar」 - 窓の杜,http://cdn-ak.b.st-hatena.com/entryimage/208739745-1406073420.jpg
180,http://www.forest.impress.co.jp/docs/news/20140722_658949.html,beth321,35,“紙copi”が5年ぶりのメジャーバージョンアップ、“Dropbox”との連携機能を搭載 - 窓の杜,http://cdn-ak.b.st-hatena.com/entryimage/208540217-1406017024.jpg
181,http://www.publickey1.jp/blog/14/amazon_rds_for_postgresql9995.html,beth321,55,Amazon RDS for PostgreSQLが正式サービスへ。SLAで可用性99.95％を約束 － Publickey,http://cdn-ak.b.st-hatena.com/entryimage/208661593-1406042265.jpg
182,http://www.trans-cosmos.co.jp/special/digitalmktg/offers.html,beth321,1,オムニチャネルマーケティングソフトウェア「OFFERs」ならトランスコスモス,http://cdn-ak.b.st-hatena.com/entryimage/208816337-1406096873.jpg
183,http://markezine.jp/article/detail/20495,beth321,21,「販売員が個人ECを運営」逆転の発想で実店舗をEC化するPARCO、これからのオムニチャネルは「販売＆接客力」がカギに （1/3）：MarkeZine（マーケジン）,http://cdn-ak.b.st-hatena.com/entryimage/208788289-1406088511.jpg
184,http://markezine.jp/article/detail/20543,beth321,7,創刊から1か月で145万PV／78万UU突破！ニュースサイト『しらべぇ』 （1/1）：MarkeZine（マーケジン）,http://cdn-ak.b.st-hatena.com/entryimage/208603029-1406027881.jpg
185,http://markezine.jp/article/detail/20547,beth321,4,朝日新聞、ユーザーと一緒に疑問を解決するニュースサービス 「withnews」の運用を開始 （1/1）：MarkeZine（マーケジン）,http://cdn-ak.b.st-hatena.com/entryimage/208470557-1406007065.jpg
186,http://www.4gamer.net/games/198/G019883/20140722096/,beth321,20,NVIDIA，Tegra K1搭載で299ドルからの8インチAndroidタブレット「SHIELD Tablet」を発表。別売りのワイヤレスゲームパッドも - 4Gamer.net,http://cdn-ak.b.st-hatena.com/entryimage/208630053-1406034635.jpg
187,http://www.4gamer.net/games/265/G026573/20140718148/,beth321,32,打たれてから本領発揮？　iOS向けピッチングゲーム「カイエン青山 〜伝説過ぎるピッチャー〜」を紹介する「（ほぼ）日刊スマホゲーム通信」第598回 - 4Gamer.net,http://cdn-ak.b.st-hatena.com/entryimage/208417377-1405992124.jpg
188,http://japanese.engadget.com/2014/07/22/itime/,beth321,17,アップル、モジュール式スマートウォッチ iTimeの特許を取得。バンド交換で機能追加,http://cdn-ak.b.st-hatena.com/entryimage/208733045-1406069574.jpg
189,http://www.itmedia.co.jp/news/articles/1407/22/news105.html,beth321,5,NHKスペシャル「STAP細胞 不正の深層」　独自資料を専門家と分析 - ITmedia ニュース,http://cdn-ak.b.st-hatena.com/entryimage/208542857-1406018352.jpg
190,http://www.itmedia.co.jp/news/articles/1407/22/news131.html,beth321,20,大画面“iPhone 6”は過去最大規模の生産を準備か - ITmedia ニュース,http://cdn-ak.b.st-hatena.com/entryimage/208565389-1406021499.jpg
191,http://www.itmedia.co.jp/news/articles/1407/23/news047.html,beth321,4,理研、STAP幹細胞の解析結果を訂正　若山教授のマウスの可能性も - ITmedia ニュース,http://cdn-ak.b.st-hatena.com/entryimage/208742525-1406075558.jpg
192,http://www.itmedia.co.jp/news/articles/1407/22/news101.html,beth321,10,人のLINEをのぞき見できる？　「チャットログ」拡散　実際は「いじめ啓発ジョークサイト」 - ITmedia ニュース,http://cdn-ak.b.st-hatena.com/entryimage/208500213-1406012187.jpg
193,http://www.itmedia.co.jp/news/articles/1407/22/news111.html,beth321,26,地下鉄に続き大学も“萌え”　京都学園大学がアニメCM公開 - ITmedia ニュース,http://cdn-ak.b.st-hatena.com/entryimage/208496841-1406011957.jpg
194,http://web-tan.forum.impressrd.jp/e/2014/07/23/17902,beth321,3,スポンサードサーチの「自動入札設定」で目的に合わせて入札価格を自動で調整 | Web担当者Forum,http://cdn-ak.b.st-hatena.com/entryimage/208730065-1406068624.jpg
195,http://web-tan.forum.impressrd.jp/e/2014/07/23/17909,beth321,5,楽天カードマンに学ぶ数字に強くなる方法 | Web担当者Forum,http://cdn-ak.b.st-hatena.com/entryimage/208740245-1406073819.jpg
196,http://www.lifehacker.jp/2014/07/140722mugendai.html,beth321,31,アジア第2位の経済成長率！ フィリピンが日本の重要なビジネスパートナーとなる日は近い？ ｜ ライフハッカー［日本版］,http://cdn-ak.b.st-hatena.com/entryimage/208563965-1406021067.jpg
197,http://www.lifehacker.jp/2014/07/140722_cool_as_a_parent.html,beth321,75,怒鳴るよりも抱きしめて。子どもの問題行動にも冷静を保つための7つの秘訣 ｜ ライフハッカー［日本版］,http://cdn-ak.b.st-hatena.com/entryimage/208604725-1406028727.jpg
198,http://www.afpbb.com/articles/-/3021201,beth321,12,ドゥンガ氏、ブラジル代表監督に就任　写真1枚　国際ニュース：AFPBB News,http://cdn-ak.b.st-hatena.com/entryimage/208759277-1406080860.jpg
199,http://www.kotaku.jp/2014/07/13-tips-for-surviving-a-night-in-a-cabin.html,beth321,6,夏休みに小屋での夜を生き残るための13の心がけ ｜ コタク・ジャパン,http://cdn-ak.b.st-hatena.com/entryimage/208646249-1406038358.jpg
200,http://www.kotaku.jp/2014/07/12-low-budget-robot-movies.html,beth321,7,存在の本質を問いかける低予算ロボット映画の良作12選 ｜ コタク・ジャパン,http://cdn-ak.b.st-hatena.com/entryimage/207614093-1405770519.jpg
201,http://www.gizmodo.jp/2014/07/windows_9_2.html,beth321,9,Windows 9のスクリーンショットがリーク : ギズモード・ジャパン,http://cdn-ak.b.st-hatena.com/entryimage/208614685-1406030723.jpg
202,http://www.gizmodo.jp/2014/07/iosgoogle_2.html,beth321,17,iOS版アプリのGoogleロゴは遊び心たっぷり : ギズモード・ジャパン,http://cdn-ak.b.st-hatena.com/entryimage/208458025-1406004152.jpg
203,http://www.gizmodo.jp/2014/07/_22015.html,beth321,33,「ファイト・クラブ 2」、2015年に公開予定！ : ギズモード・ジャパン,http://cdn-ak.b.st-hatena.com/entryimage/208542705-1406018343.jpg
204,http://ascii.jp/elem/000/000/914/914507/,beth321,26,ASCII.jp：スクロールアニメーションによる立体コンテンツの見せ方 (1/2)｜先端サイトに学ぶCSS3/jQueryアニメーションデザイン,http://cdn-ak.b.st-hatena.com/entryimage/208456805-1406003471.jpg
205,http://ascii.jp/elem/000/000/911/911262/,beth321,21,ASCII.jp：au WALLETにかこつけて、“家”二郎を作ってみた (1/5),http://cdn-ak.b.st-hatena.com/entryimage/208453869-1406002016.jpg
206,http://japanese.engadget.com/2014/07/22/hiv/,beth321,137,米大学研究者がヒト細胞からHIVウイルスの根絶に成功、エイズ完治に道。ゲノム編集技術を活用 - Engadget Japanese,http://cdn-ak.b.st-hatena.com/entryimage/208716277-1406060353.jpg
207,http://ascii.jp/elem/000/000/913/913202/,beth321,578,ASCII.jp：データ消失！あのとき、ファーストサーバになにが起こったか？ (1/2)｜データ消失事故から2年！ファーストサーバ、再生への第一歩,http://cdn-ak.b.st-hatena.com/entryimage/208748797-1406077279.jpg
208,http://www.atmarkit.co.jp/ait/articles/1407/22/news004.html,beth321,14,データ資源活用の基礎（2）：企業にとっての「オープンデータ」には、どんな価値があるのか？ (1/3) - ＠IT,http://cdn-ak.b.st-hatena.com/entryimage/208618457-1406032170.jpg
209,http://www.atmarkit.co.jp/ait/articles/1407/22/news130.html,beth321,63,普通の開発者のためのリーンスタートアップ手順書（1）：リーンスタートアップを実践するための参考記事116選まとめ - ＠IT,http://cdn-ak.b.st-hatena.com/entryimage/208646589-1406038430.jpg
210,http://nlab.itmedia.co.jp/nl/articles/1407/23/news056.html,beth321,183,んにゃあああ！　家猫のあり余るエネルギーをハムスターみたいに発散させる回転ぐるまが登場 - ねとらぼ,http://cdn-ak.b.st-hatena.com/entryimage/208764225-1406083321.jpg
211,http://gigazine.net/news/20140723-acer-chromebook-c720-review/,beth321,87,7秒で爆速起動・ウェブもサクサクの日本上陸一番乗りChromebook「Acer C720」速攻レビュー - GIGAZINE,http://cdn-ak.b.st-hatena.com/entryimage/208661277-1406041984.jpg
212,http://headlines.yahoo.co.jp/hl?a=20140723-00000008-asahi-soci,beth321,137,警視庁名簿に新選組「斎藤一」　スパイ活動を担当か （朝日新聞デジタル） - Yahoo!ニュース,http://cdn-ak.b.st-hatena.com/entryimage/208729425-1406067828.jpg
213,http://www.infoq.com/jp/news/2014/07/google-programmers-build-errors,beth321,92,Googleがプログラマのビルドエラーを研究,http://cdn-ak.b.st-hatena.com/entryimage/208466377-1406004956.jpg
214,http://www.asahi.com/articles/ASG7D05N1G7CUTIL066.html,beth321,246,予算１０兆円増、大学無償化　下村文科相が　構想発表：朝日新聞デジタル,http://cdn-ak.b.st-hatena.com/entryimage/208726461-1406065384.jpg
215,http://www.nationalgeographic.co.jp/news/news_article.php?file_id=20140722001,beth321,9,ニュース - 動物 - ホッキョクグマ、氷減少に耐えられる？ - ナショナルジオグラフィック 公式日本語サイト（ナショジオ）,http://cdn-ak.b.st-hatena.com/entryimage/208491089-1406011759.jpg
216,http://www.nationalgeographic.co.jp/news/news_article.php?file_id=20140722002,beth321,27,ニュース - 環境 - 観賞魚はどこから来るのか？ - ナショナルジオグラフィック 公式日本語サイト（ナショジオ）,http://cdn-ak.b.st-hatena.com/entryimage/208491097-1406011763.jpg
217,http://www.nationalgeographic.co.jp/news/news_article.php?file_id=20140722003,beth321,9,ニュース - 環境 - 密漁の取締りに無人機を活用 - ナショナルジオグラフィック 公式日本語サイト（ナショジオ）,http://cdn-ak.b.st-hatena.com/entryimage/208556553-1406019212.jpg
218,http://www.nationalgeographic.co.jp/news/news_article.php?file_id=20140722005,beth321,18,ニュース - 科学＆宇宙 - 遺伝子工学で外来種を駆除 - ナショナルジオグラフィック 公式日本語サイト（ナショジオ）,http://cdn-ak.b.st-hatena.com/entryimage/208597485-1406026404.jpg
219,http://rocketnews24.com/2014/07/22/467644/,beth321,11,【マジかよ】スシローが完全に開き直っている件 / お台場にフライドポテト専門店『ポテロー』をオープン | ロケットニュース24,http://cdn-ak.b.st-hatena.com/entryimage/208515017-1406012734.jpg
220,http://rocketnews24.com/2014/07/22/465789/,beth321,12,電車内で見る松岡修造の「汗かき予報」が暑苦しすぎると話題に / Twitterユーザーの声「修造が8人くらいいた」「余計に暑い」 | ロケットニュース24,http://cdn-ak.b.st-hatena.com/entryimage/208614281-1406030616.jpg
221,http://rocketnews24.com/2014/07/22/468312/,beth321,46,【世界美女アスリート探訪】女子バレー・ジュニアのカザフ代表が美脚美人だと大注目!! 脚の長さはなんと120センチ | ロケットニュース24,http://cdn-ak.b.st-hatena.com/entryimage/208645985-1406038310.jpg
222,http://gigazine.net/news/20130509-dyslexie-font/,beth321,143,失読症でも読みやすくなるデザインを駆使しまくったフォント「Dyslexie」 - GIGAZINE,http://cdn-ak.b.st-hatena.com/entryimage/144865422-1368079737.jpg
223,http://labaq.com/archives/51750348.html,beth321,24,うわああ…アヒルのヒナが追いかけてくる！（動画）:らばQ,http://cdn-ak.b.st-hatena.com/entryimage/98345718-1340035974.jpg
224,http://labaq.com/archives/51750341.html,beth321,10,いったいどこに!?　隠れたり変装している人々の写真いろいろ:らばQ,http://cdn-ak.b.st-hatena.com/entryimage/98365598-1340057306.jpg
225,http://labaq.com/archives/51750446.html,beth321,37,読まなくなった本の再利用をかなり意欲的に考えた24のアイデア:らばQ,http://cdn-ak.b.st-hatena.com/entryimage/98468338-1340113554.jpg
226,http://labaq.com/archives/51750480.html,beth321,12,ペンギンと犬が必死に遊ぼうとするも…近くて遠い関係（動画）:らばQ,http://cdn-ak.b.st-hatena.com/entryimage/98476094-1340119317.jpg
227,http://www.hotakubo-seikei.com/,beth321,113,保田窪整形外科 - 整形外科 / リハビリテーション科 / リウマチ科 / 形成外科,http://cdn-ak.b.st-hatena.com/entryimage/11815734-1365614021.jpg
228,http://www.araki-jojo.com/409/,beth321,104,JOJO 0409 〈セイコー スピリット スマート〉から「ジョジョの奇妙な冒険」とコラボレーションした数量限定モデルを発売ィィィィィ！ - 荒木飛呂彦 公式サイト [JOJO.com],http://cdn-ak.b.st-hatena.com/entryimage/136084774-1362973218.jpg
229,https://www.nttdocomo.co.jp/,beth321,28,NTTドコモ,http://cdn-ak.b.st-hatena.com/entryimage/169862154-1393897039.jpg
230,http://www.lifehacker.jp/2013/03/130323how_to_bounce_back_stronger.html,beth321,67,挫折を生かすための3つのヒント : ライフハッカー［日本版］,http://cdn-ak.b.st-hatena.com/entryimage/137712374-1364009460.jpg
231,http://www.atmarkit.co.jp/ait/articles/0703/13/news095.html,beth321,12,5分でネットがわかるシリーズ（10）：巨人の力を使っちゃえ！Web APIを使えば、あなたの夢も一発で実現 (1/5) - ＠IT,http://cdn-ak.b.st-hatena.com/entryimage/135447658-1362552011.jpg
232,http://liginc.co.jp/web/design/photoshop/18807,beth321,89,自動で出来るって知ってた？Photoshopで手軽にHDR合成を楽しもう！ | 株式会社LIG,http://cdn-ak.b.st-hatena.com/entryimage/137987522-1366896875.jpg
233,http://adgang.jp/2013/04/22998.html,beth321,9,世界の商品販促・ブランディングに繋げるプロモーションアプリ11選 | AdGang,http://cdn-ak.b.st-hatena.com/entryimage/140936198-1366099726.jpg
234,http://thepage.jp/detail/20140722-00000003-wordleafs?pattern=1&utm_expid=72375470-9.7L_1IM1STXCrEXVl2y-WCA.1&utm_referrer=http%3A%2F%2Fb.hatena.ne.jp%2F,beth321,2,Jリーグ 12のチームが“経営危機”状態に | THE PAGE（ザ・ページ）,http://cdn-ak.b.st-hatena.com/entryimage/208761925-1406081531.jpg
235,http://next.rikunabi.com/journal/entry/20140722,beth321,60,【イケてるしヤバい男 長島の素顔】額の針が抜けたら、正気に戻った（前編） - リクナビNEXTジャーナル,http://cdn-ak.b.st-hatena.com/entryimage/208469165-1406007003.jpg
236,http://gigazine.net/news/20140723-work-shorter-make-better/,beth321,377,8時間労働が誕生した経緯と労働時間を短縮すべき理由 - GIGAZINE,http://cdn-ak.b.st-hatena.com/entryimage/208726681-1406065741.jpg
237,http://kousyou.cc/archives/6830,beth321,169,怪獣名によくある「〇〇ゴン」の由来？ | Kousyoublog,http://cdn-ak.b.st-hatena.com/entryimage/208660517-1406041238.jpg
238,http://nejiko.hatenadiary.com/entry/2014/07/23/071540,beth321,385,配偶者のことを主人と呼ぶのが生理的に受け付けない問題 - カリントボンボン,http://cdn-ak.b.st-hatena.com/entryimage/208729661-1406068126.jpg
239,http://pentarone.hatenablog.com/entry/2014/07/22/214134,beth321,139,英語版と日本語吹き替え版の違い：謎解きのためのキーワード - ◇◇ ぺんたろーぬのFROZEN考察 ◇◇,http://cdn-ak.b.st-hatena.com/entryimage/208629665-1406034355.jpg
240,http://photoshopvip.net/archives/66544,beth321,130,目指せIllustratorマスター！無料ダウンロードできるベクター素材48個まとめ 2014年7月度 - Photoshop VIP,http://cdn-ak.b.st-hatena.com/entryimage/208415961-1405991247.jpg
241,http://bainebi-dayo.doorblog.jp/archives/10167434.html,beth321,116,Get Wildより夜のドライブに合う曲は存在しない : バイネビ,http://cdn-ak.b.st-hatena.com/entryimage/208661509-1406042196.jpg
242,http://togetter.com/li/696144,beth321,78,『俺の屍を越えてゆけ2』発売後の桝田省治氏とプレイヤー等のやりとり #俺屍2 - Togetterまとめ,http://cdn-ak.b.st-hatena.com/entryimage/208331157-1405959667.jpg
243,http://number.bunshun.jp/articles/-/821303,beth321,67,NBAやMLBより人気。W杯が米国に起こした旋風。～“サッカー不毛の地”は今や昔～ [SCORE CARD] - Number Web - ナンバー,http://cdn-ak.b.st-hatena.com/entryimage/208419873-1405992840.jpg
244,http://bipblog.com/archives/4827135.html,beth321,175,おすすめのYouTube動画をおしえろん BIPブログ,http://cdn-ak.b.st-hatena.com/entryimage/208237861-1405936235.jpg
245,http://hamusoku.com/archives/8461725.html,beth321,80,【野球】子供から夢とボールを奪い取るおばはんを御覧くださいｗｗｗｗｗｗｗｗｗ:ハムスター速報,http://cdn-ak.b.st-hatena.com/entryimage/208644177-1406037960.jpg
246,http://www.slideshare.net/ficcblog/ccl-web-vol6-2014web,beth321,219,[CCL web vol.6] 2014年のWebデザイントレンドと 本当に必要とされるデザインと手法,http://cdn-ak.b.st-hatena.com/entryimage/208562617-1406020611.jpg
247,http://codezine.jp/article/detail/7876,beth321,420,Webアプリをあっという間にカッコよく！ BootstrapによるレスポンシブWebレイアウト （1/4）：CodeZine,http://cdn-ak.b.st-hatena.com/entryimage/208478329-1406008306.jpg
248,http://www.lancork.net/2014/07/how-to-pass-aws-solutions-architect-associate/,beth321,107,AWS認定ソリューションアーキテクト アソシエイトレベルに独学で合格した勉強法 | Lancork,http://cdn-ak.b.st-hatena.com/entryimage/208643149-1406037252.jpg
249,https://speakerdeck.com/ntddk/x86asenburaru-men,beth321,89,x86アセンブラ入門 // Speaker Deck,http://cdn-ak.b.st-hatena.com/entryimage/208675625-1406046734.jpg
250,http://www.afpbb.com/articles/-/3021101,beth321,27,HIVの「隠れ家」、感染後早期に形成か 完治の希望弱まる　写真1枚　国際ニュース：AFPBB News,http://cdn-ak.b.st-hatena.com/entryimage/208456545-1406003310.jpg
251,http://www.afpbb.com/articles/-/3021142,beth321,12,MERSウイルス、ラクダ小屋の空気から遺伝子の断片　写真1枚　国際ニュース：AFPBB News,http://cdn-ak.b.st-hatena.com/entryimage/208540209-1406017007.jpg
252,http://nomolk.hatenablog.com/entry/2014/07/23/002733,beth321,121,ヘボコンとはなんだったのか - nomolkのブログ,http://cdn-ak.b.st-hatena.com/entryimage/208664409-1406043326.jpg
253,http://next.rikunabi.com/journal/entry/20140702,beth321,73,いくつになっても必要なのは「下僕精神」？はあちゅうが出会った、“仕事がデキる人”の共通点 - リクナビNEXTジャーナル,http://cdn-ak.b.st-hatena.com/entryimage/202284630-1404298980.jpg
254,http://labaq.com/archives/51830840.html,beth321,207,知っておくと便利…キャンプやBBQで使える15のライフハック:らばQ,http://cdn-ak.b.st-hatena.com/entryimage/208613937-1406030466.jpg
255,http://www.lifehacker.jp/2013/01/130106boss-you-hate.html,beth321,127,「こんな上司と仕事したくない」と思ったら考えるべき6つのこと : ライフハッカー［日本版］,http://cdn-ak.b.st-hatena.com/entryimage/127273250-1357446821.jpg
256,http://www.lifehacker.jp/2014/07/140722boss.html,beth321,48,「こんな上司と仕事したくない！」と思ったら考えるべき6つのこと【LHベストヒッツ】 ｜ ライフハッカー［日本版］,http://cdn-ak.b.st-hatena.com/entryimage/208615865-1406030893.jpg
257,http://www.fashionsnap.com/the-posts/2014-07-21/post-176/,beth321,70,地方百貨店の改革 買い取らないと無理では？ | Fashionsnap.com,http://cdn-ak.b.st-hatena.com/entryimage/208330173-1405958847.jpg
258,http://www.afpbb.com/articles/-/3021175,beth321,13,米メキシコ国境に州兵1000人配備へ、テキサス州知事　写真1枚　国際ニュース：AFPBB News,http://cdn-ak.b.st-hatena.com/entryimage/208603077-1406027929.jpg
259,http://www.afpbb.com/articles/-/3021192,beth321,18,ボコ・ハラム襲撃で1万5000人避難、ナイジェリア　写真1枚　国際ニュース：AFPBB News,http://cdn-ak.b.st-hatena.com/entryimage/208643253-1406037320.jpg
260,http://mainichi.jp/feature/interview/news/20140722mog00m040006000c.html,beth321,81,キーパーソンインタビュー:「原発事故と放射線のリスク学」を著した中西準子さん - 毎日新聞,http://cdn-ak.b.st-hatena.com/entryimage/208488785-1406009912.jpg
261,http://cookpad.com/recipe/2184895,beth321,8,うちの納豆オムレツ by kebeibiko [クックパッド] 簡単おいしいみんなのレシピが177万品,http://cdn-ak.b.st-hatena.com/entryimage/208501709-1406012247.jpg
262,http://cookpad.com/recipe/1508403,beth321,18,人参と南瓜の卵焼き by とよさんダーリン [クックパッド] 簡単おいしいみんなのレシピが177万品,http://cdn-ak.b.st-hatena.com/entryimage/208740885-1406074083.jpg
263,http://www.afpbb.com/articles/-/3021181,beth321,21,理想の男性は「富豪であれが大きい人」、豪女性議員が発言を謝罪　写真1枚　国際ニュース：AFPBB News,http://cdn-ak.b.st-hatena.com/entryimage/208618489-1406032182.jpg
264,http://www.afpbb.com/articles/-/3021153,beth321,86,今度はシリア上空を飛行、マレーシア航空にさらなる非難　写真1枚　国際ニュース：AFPBB News,http://cdn-ak.b.st-hatena.com/entryimage/208518093-1406014517.jpg
265,http://eat-the.com/bass/soundmake/,beth321,93,ベースの音作りはこれで完璧！アンプで抜けの良い音を作るコツ,http://cdn-ak.b.st-hatena.com/entryimage/208674441-1406045395.jpg
266,http://headlines.yahoo.co.jp/hl?a=20140722-00000519-san-soci,beth321,154,土下座させ、頭踏みつけ…駅員へ「酔余の暴力」、今の時期が最も危ない （産経新聞） - Yahoo!ニュース,http://cdn-ak.b.st-hatena.com/entryimage/208518661-1406014977.jpg
267,http://bylines.news.yahoo.co.jp/usuimafumi/20140721-00037585/,beth321,170,ネットと世間に流れる「少女はなぜ逃げなかったか」に答える：岡山小６少女誘拐監禁事件被害者保護のために(碓井 真史) - 個人 - Yahoo!ニュース,http://cdn-ak.b.st-hatena.com/entryimage/208325721-1405956581.jpg
268,http://www.eyescream.jp/news-all/tsubomi-in-4k,beth321,236,世界初！ AVクイーンつぼみの4K映像が無料配信スタート。 | NEWS | EYESCREAM.JP - For Creative Living,http://cdn-ak.b.st-hatena.com/entryimage/208563193-1406020837.jpg
269,http://blog.livedoor.jp/nwknews/archives/4713851.html,beth321,321,札幌市民の俺がおいしいラーメン屋トップ10を発表する:哲学ニュースnwk,http://cdn-ak.b.st-hatena.com/entryimage/208615069-1406030812.jpg
270,http://nge.jp/2014/07/22/post-2377,beth321,332,MITの衝撃動画「7本の指」片手の能力が向上するとどうなるか | FUTURUS（フトゥールス）,http://cdn-ak.b.st-hatena.com/entryimage/208561165-1406019723.jpg
271,http://www.asahi.com/articles/ASG7Q56Q7G7QUHBI017.html,beth321,165,工場従業員「死にはしない」　期限切れ肉、長年使用か：朝日新聞デジタル,http://cdn-ak.b.st-hatena.com/entryimage/208658581-1406040745.jpg
272,http://sankei.jp.msn.com/politics/news/140722/plc14072217540017-n1.htm,beth321,172,「ＡＫＢに一流品はいないが…」　麻生副総理がＡＫＢで「日本の底力」を指摘 - MSN産経ニュース,http://cdn-ak.b.st-hatena.com/entryimage/208582629-1406023941.jpg
273,http://www.green-label-relaxing.jp/blog/2014/07/201407-44560.html,beth321,134,【プレゼントに迷ったら】月齢別 ベビー服のサイズ＆おもちゃ早見表 | Staff Blog | UNITED ARROWS green label relaxing,http://cdn-ak.b.st-hatena.com/entryimage/208543357-1406018516.jpg
274,http://aidama.info/happyrakugaki002/,beth321,73,旅行ノートや手帳に活用できる『思いを伝えるラクガキワークショップ』 | 藍玉スタイル,http://cdn-ak.b.st-hatena.com/entryimage/208424089-1405993699.jpg
275,http://homare-temujin.hatenablog.com/entry/2014/07/22/195930,beth321,138,ビギナーでも作れる！〜茄子のドライカレー〜 - 今日、なに食べよう？〜有機野菜の畑から～,http://cdn-ak.b.st-hatena.com/entryimage/208613077-1406029840.jpg
276,http://m3q.jp/t/2292,beth321,154,組立自由な万能家具！100均の「ワイヤーネット」を使った収納活用術 - M3Q - 女性のためのキュレーションメディア,http://cdn-ak.b.st-hatena.com/entryimage/208490841-1406011614.jpg
277,http://fahrenheitizep.hateblo.jp/entry/2014/07/22/200000,beth321,174,シャツの襟汚れが劇的に落ちる洗剤、手抜きで出来るシワ対策 - Asobi.,http://cdn-ak.b.st-hatena.com/entryimage/208602297-1406027159.jpg
278,http://n-styles.com/main/archives/2014/07/22-033500.php,beth321,209,[NS] Googleのゲーム「Ingress」で丸一日全力で遊んでみた,http://cdn-ak.b.st-hatena.com/entryimage/208389277-1406049042.jpg
279,http://www3.nhk.or.jp/news/html/20140722/k10013199421000.html,beth321,157,東京都 五輪会場の一部で千葉移転を検討　NHKニュース,http://cdn-ak.b.st-hatena.com/entryimage/208580825-1406023622.jpg
280,http://bylines.news.yahoo.co.jp/koizumiyu/20140722-00037613/,beth321,166,マレーシア機撃墜　米露の熾烈な情報戦(小泉 悠) - 個人 - Yahoo!ニュース,http://cdn-ak.b.st-hatena.com/entryimage/208550109-1406019059.jpg
281,http://gigazine.net/news/20140722-developer-economics-q3-2014/,beth321,119,「スマホアプリ開発で大金を稼ぐのは全体のたった2％」など、アプリビジネスに関する恐るべき実態を明かすレポート「Developer Economics Q3 2014」が公開 - GIGAZINE,http://cdn-ak.b.st-hatena.com/entryimage/208602161-1406026956.jpg
282,http://blog.livedoor.jp/livejupiter2/archives/7413840.html,beth321,160,【ハマスタ】 少年にプレゼントされたボールを強奪する大人気ないBBAが中継される : なんJ（まとめては）いかんのか？,http://cdn-ak.b.st-hatena.com/entryimage/208634709-1406036232.jpg
283,http://matome.naver.jp/odai/2140599137161230901,kana321,90,サザエさんのサブキャラ「堀川君」が強烈すぎてヤバい - NAVER まとめ,http://cdn-ak.b.st-hatena.com/entryimage/208621117-1406033131.jpg
284,http://news.mynavi.jp/news/2014/07/23/124/,kana321,160,東京都・恵比寿に、IQ140以上を保証する保育園誕生! - 未達の場合は返金も | マイナビニュース,http://cdn-ak.b.st-hatena.com/entryimage/208778281-1406086928.jpg
285,http://www.yasuhisa.com/could/article/single-column/,kana321,126,シングルカラムから始める情報設計 : could,http://cdn-ak.b.st-hatena.com/entryimage/208741661-1406074814.jpg
286,http://blog.fenrir-inc.com/jp/2014/07/about-d-language.html,kana321,213,C言語に置き換わるか？現在はFacebookで開発されているD言語について (フェンリル | デベロッパーズブログ),http://cdn-ak.b.st-hatena.com/entryimage/208788737-1406094021.jpg
287,http://www.asahi.com/articles/ASG7R3C5LG7RUTIL00K.html,kana321,98,仰天発想、４人同時トイレ誕生　きっかけはマラソン：朝日新聞デジタル,http://cdn-ak.b.st-hatena.com/entryimage/208770113-1406083778.jpg
288,http://frm.fm/jp/,kana321,90,FRAMED*2.0,http://cdn-ak.b.st-hatena.com/entryimage/208296489-1405949718.jpg
289,http://photoshopvip.net/archives/66674,kana321,468,800枚以上の無料写真をカテゴリー別にダウンロードできるサイトPexels - Photoshop VIP,http://cdn-ak.b.st-hatena.com/entryimage/208753377-1406079322.jpg
290,http://thepage.jp/detail/20140722-00000003-wordleafs?pattern=1&utm_expid=72375470-9.7L_1IM1STXCrEXVl2y-WCA.1&utm_referrer=http%3A%2F%2Fb.hatena.ne.jp%2F,kana321,2,Jリーグ 12のチームが“経営危機”状態に | THE PAGE（ザ・ページ）,http://cdn-ak.b.st-hatena.com/entryimage/208761925-1406081531.jpg
291,http://hatenanews.com/articles/201407/21833,kana321,193,ウイスキー「山崎」を使ったかき氷、京都のビアガーデンに登場　最後は炭酸水をかけてハイボールに - はてなニュース,http://cdn-ak.b.st-hatena.com/entryimage/208795705-1406092418.jpg
292,http://hatenanews.com/articles/201407/21837,kana321,13,働く女性向けの「グランドキリン」、キリンビールとローソンが共同開発　8/5に先行発売 - はてなニュース,http://cdn-ak.b.st-hatena.com/entryimage/208812113-1406095000.jpg
293,http://hatenanews.com/articles/201407/21845,kana321,14,KIRIMIちゃん.を見て、触って……「子ども霞が関見学デー」水産庁イベントに参加 - はてなニュース,http://cdn-ak.b.st-hatena.com/entryimage/208833585-1406100383.jpg
294,http://hatenanews.com/articles/201407/21841,kana321,28,掃除ロボ「ルンバ」初のフォトエッセイ　猫と仲間になり、人形に恋をし、旅に出る - はてなニュース,http://cdn-ak.b.st-hatena.com/entryimage/208832693-1406099906.jpg
295,http://next.rikunabi.com/journal/entry/20140722,kana321,60,【イケてるしヤバい男 長島の素顔】額の針が抜けたら、正気に戻った（前編） - リクナビNEXTジャーナル,http://cdn-ak.b.st-hatena.com/entryimage/208469165-1406007003.jpg
296,http://www.nikkei.com/article/DGXNASDF22H14_S4A720C1MM8000/,kana321,69,教育贈与の非課税、２～３年延長　子育てに拡大も　　：日本経済新聞,http://cdn-ak.b.st-hatena.com/entryimage/208685669-1406048674.jpg
297,http://ameblo.jp/bethbethbeth/entry-11898609223.html,kana321,2,7月22日のブックマーク｜北海道が大好きだ！,http://cdn-ak.b.st-hatena.com/entryimage/208835617-1406100820.jpg
298,http://labaq.com/archives/51830885.html,kana321,4,「これは何かのジョーク？」猫がまったく面白くないと不服なとき…人気の写真:らばQ,http://cdn-ak.b.st-hatena.com/entryimage/208776181-1406086412.jpg
299,http://labaq.com/archives/51830717.html,kana321,7,「最高に楽しそうなビニールプールを買ってきた…あれ？えええ!?」理想と現実に打ちひしがれる例いろいろ:らばQ,http://cdn-ak.b.st-hatena.com/entryimage/208261629-1405939963.jpg
300,http://labaq.com/archives/51830809.html,kana321,3,「ちょっと教えて！初めて猫を飼ったけど、この行動は普通なの!?」…アドバイスを求めていた写真:らばQ,http://cdn-ak.b.st-hatena.com/entryimage/208425193-1405994589.jpg
301,http://labaq.com/archives/51830814.html,kana321,10,「好きな人と暮らし始めて、受け入れがたいと感じたのはどんなところ？」赤裸々な回答いろいろ:らばQ,http://cdn-ak.b.st-hatena.com/entryimage/208444577-1406000956.jpg
302,http://www.forest.impress.co.jp/docs/review/20140723_658966.html,kana321,11,【レビュー】利便性の高いキーのみを表示する省スペースな仮想キーボード「MouseKeySimple」 - 窓の杜,http://cdn-ak.b.st-hatena.com/entryimage/208774861-1406085955.jpg
303,http://www.forest.impress.co.jp/docs/news/20140722_658981.html,kana321,6,Opera、ハート型ボタンからの登録先を選択可能になった「Opera 23」の正式版を公開 - 窓の杜,http://cdn-ak.b.st-hatena.com/entryimage/208632169-1406035514.jpg
304,http://www.forest.impress.co.jp/docs/review/20140722_658928.html,kana321,4,【レビュー】“Google カレンダー”“ToDo リスト”と同期できるストアアプリ「gmail calendar」 - 窓の杜,http://cdn-ak.b.st-hatena.com/entryimage/208739745-1406073420.jpg
305,http://www.forest.impress.co.jp/docs/news/20140722_658949.html,kana321,35,“紙copi”が5年ぶりのメジャーバージョンアップ、“Dropbox”との連携機能を搭載 - 窓の杜,http://cdn-ak.b.st-hatena.com/entryimage/208540217-1406017024.jpg
306,http://www.publickey1.jp/blog/14/amazon_rds_for_postgresql9995.html,kana321,55,Amazon RDS for PostgreSQLが正式サービスへ。SLAで可用性99.95％を約束 － Publickey,http://cdn-ak.b.st-hatena.com/entryimage/208661593-1406042265.jpg
307,http://markezine.jp/article/detail/20495,kana321,21,「販売員が個人ECを運営」逆転の発想で実店舗をEC化するPARCO、これからのオムニチャネルは「販売＆接客力」がカギに （1/3）：MarkeZine（マーケジン）,http://cdn-ak.b.st-hatena.com/entryimage/208788289-1406088511.jpg
308,http://markezine.jp/article/detail/20543,kana321,7,創刊から1か月で145万PV／78万UU突破！ニュースサイト『しらべぇ』 （1/1）：MarkeZine（マーケジン）,http://cdn-ak.b.st-hatena.com/entryimage/208603029-1406027881.jpg
309,http://markezine.jp/article/detail/20547,kana321,4,朝日新聞、ユーザーと一緒に疑問を解決するニュースサービス 「withnews」の運用を開始 （1/1）：MarkeZine（マーケジン）,http://cdn-ak.b.st-hatena.com/entryimage/208470557-1406007065.jpg
310,http://www.4gamer.net/games/198/G019883/20140722096/,kana321,20,NVIDIA，Tegra K1搭載で299ドルからの8インチAndroidタブレット「SHIELD Tablet」を発表。別売りのワイヤレスゲームパッドも - 4Gamer.net,http://cdn-ak.b.st-hatena.com/entryimage/208630053-1406034635.jpg
311,http://www.4gamer.net/games/265/G026573/20140718148/,kana321,32,打たれてから本領発揮？　iOS向けピッチングゲーム「カイエン青山 〜伝説過ぎるピッチャー〜」を紹介する「（ほぼ）日刊スマホゲーム通信」第598回 - 4Gamer.net,http://cdn-ak.b.st-hatena.com/entryimage/208417377-1405992124.jpg
312,http://japanese.engadget.com/2014/07/22/itime/,kana321,17,アップル、モジュール式スマートウォッチ iTimeの特許を取得。バンド交換で機能追加,http://cdn-ak.b.st-hatena.com/entryimage/208733045-1406069574.jpg
313,http://www.itmedia.co.jp/news/articles/1407/22/news105.html,kana321,5,NHKスペシャル「STAP細胞 不正の深層」　独自資料を専門家と分析 - ITmedia ニュース,http://cdn-ak.b.st-hatena.com/entryimage/208542857-1406018352.jpg
314,http://www.itmedia.co.jp/news/articles/1407/22/news131.html,kana321,20,大画面“iPhone 6”は過去最大規模の生産を準備か - ITmedia ニュース,http://cdn-ak.b.st-hatena.com/entryimage/208565389-1406021499.jpg
315,http://www.itmedia.co.jp/news/articles/1407/23/news047.html,kana321,4,理研、STAP幹細胞の解析結果を訂正　若山教授のマウスの可能性も - ITmedia ニュース,http://cdn-ak.b.st-hatena.com/entryimage/208742525-1406075558.jpg
316,http://www.itmedia.co.jp/news/articles/1407/22/news101.html,kana321,10,人のLINEをのぞき見できる？　「チャットログ」拡散　実際は「いじめ啓発ジョークサイト」 - ITmedia ニュース,http://cdn-ak.b.st-hatena.com/entryimage/208500213-1406012187.jpg
317,http://www.itmedia.co.jp/news/articles/1407/22/news111.html,kana321,26,地下鉄に続き大学も“萌え”　京都学園大学がアニメCM公開 - ITmedia ニュース,http://cdn-ak.b.st-hatena.com/entryimage/208496841-1406011957.jpg
318,http://web-tan.forum.impressrd.jp/e/2014/07/23/17902,kana321,3,スポンサードサーチの「自動入札設定」で目的に合わせて入札価格を自動で調整 | Web担当者Forum,http://cdn-ak.b.st-hatena.com/entryimage/208730065-1406068624.jpg
319,http://web-tan.forum.impressrd.jp/e/2014/07/23/17909,kana321,5,楽天カードマンに学ぶ数字に強くなる方法 | Web担当者Forum,http://cdn-ak.b.st-hatena.com/entryimage/208740245-1406073819.jpg
320,http://www.lifehacker.jp/2014/07/140722mugendai.html,kana321,31,アジア第2位の経済成長率！ フィリピンが日本の重要なビジネスパートナーとなる日は近い？ ｜ ライフハッカー［日本版］,http://cdn-ak.b.st-hatena.com/entryimage/208563965-1406021067.jpg
321,http://www.lifehacker.jp/2014/07/140722_cool_as_a_parent.html,kana321,75,怒鳴るよりも抱きしめて。子どもの問題行動にも冷静を保つための7つの秘訣 ｜ ライフハッカー［日本版］,http://cdn-ak.b.st-hatena.com/entryimage/208604725-1406028727.jpg
322,http://www.kotaku.jp/2014/07/13-tips-for-surviving-a-night-in-a-cabin.html,kana321,6,夏休みに小屋での夜を生き残るための13の心がけ ｜ コタク・ジャパン,http://cdn-ak.b.st-hatena.com/entryimage/208646249-1406038358.jpg
323,http://www.kotaku.jp/2014/07/12-low-budget-robot-movies.html,kana321,7,存在の本質を問いかける低予算ロボット映画の良作12選 ｜ コタク・ジャパン,http://cdn-ak.b.st-hatena.com/entryimage/207614093-1405770519.jpg
324,http://www.gizmodo.jp/2014/07/windows_9_2.html,kana321,9,Windows 9のスクリーンショットがリーク : ギズモード・ジャパン,http://cdn-ak.b.st-hatena.com/entryimage/208614685-1406030723.jpg
325,http://www.gizmodo.jp/2014/07/iosgoogle_2.html,kana321,17,iOS版アプリのGoogleロゴは遊び心たっぷり : ギズモード・ジャパン,http://cdn-ak.b.st-hatena.com/entryimage/208458025-1406004152.jpg
326,http://ascii.jp/elem/000/000/914/914507/,kana321,26,ASCII.jp：スクロールアニメーションによる立体コンテンツの見せ方 (1/2)｜先端サイトに学ぶCSS3/jQueryアニメーションデザイン,http://cdn-ak.b.st-hatena.com/entryimage/208456805-1406003471.jpg
327,http://ascii.jp/elem/000/000/911/911262/,kana321,21,ASCII.jp：au WALLETにかこつけて、“家”二郎を作ってみた (1/5),http://cdn-ak.b.st-hatena.com/entryimage/208453869-1406002016.jpg
328,http://www.j-cast.com/2014/07/22211152.html,kana321,4,(1/2) 大分県教組が「慰安婦ツアー」違法募集　産経が1面トップで批判 : J-CASTニュース,http://cdn-ak.b.st-hatena.com/entryimage/208625369-1406033395.jpg
329,http://www.j-cast.com/2014/07/21211039.html,kana321,2,後藤真希、3歳年下と結婚へ　スポニチ報じる : J-CASTニュース,http://cdn-ak.b.st-hatena.com/entryimage/208344025-1405961561.jpg
330,http://www.j-cast.com/2014/07/22211143.html,kana321,2,(1/2) 倉敷女児監禁の容疑者の「異常な言動」を解く　専門家「小児愛だが精神病ではない」 : J-CASTニュース,http://cdn-ak.b.st-hatena.com/entryimage/208626705-1406033334.jpg
331,http://portal.nifty.com/kiji/140723164674_1.htm,kana321,33,夏は池袋で毒づくし！ 毒毒毒毒毒毒毒毒毒展（もうどく展） - デイリーポータルZ：@nifty,http://cdn-ak.b.st-hatena.com/entryimage/208762705-1406082026.jpg
332,http://portal.nifty.com/kiji/140723164675_1.htm,kana321,16,神輿にやりたい放題な祭り「あばれみこし」 - デイリーポータルZ：@nifty,http://cdn-ak.b.st-hatena.com/entryimage/208770717-1406083929.jpg
333,http://portal.nifty.com/kiji/140722164666_1.htm,kana321,74,カブ旅行のすゝめ - デイリーポータルZ：@nifty,http://cdn-ak.b.st-hatena.com/entryimage/208515989-1406013409.jpg
334,http://www.atmarkit.co.jp/ait/articles/1407/22/news004.html,kana321,14,データ資源活用の基礎（2）：企業にとっての「オープンデータ」には、どんな価値があるのか？ (1/3) - ＠IT,http://cdn-ak.b.st-hatena.com/entryimage/208618457-1406032170.jpg
335,http://www.atmarkit.co.jp/ait/articles/1407/22/news130.html,kana321,63,普通の開発者のためのリーンスタートアップ手順書（1）：リーンスタートアップを実践するための参考記事116選まとめ - ＠IT,http://cdn-ak.b.st-hatena.com/entryimage/208646589-1406038430.jpg
336,http://gigazine.net/news/20140723-acer-chromebook-c720-review/,kana321,87,7秒で爆速起動・ウェブもサクサクの日本上陸一番乗りChromebook「Acer C720」速攻レビュー - GIGAZINE,http://cdn-ak.b.st-hatena.com/entryimage/208661277-1406041984.jpg
337,http://www.nationalgeographic.co.jp/news/news_article.php?file_id=20140722001,kana321,9,ニュース - 動物 - ホッキョクグマ、氷減少に耐えられる？ - ナショナルジオグラフィック 公式日本語サイト（ナショジオ）,http://cdn-ak.b.st-hatena.com/entryimage/208491089-1406011759.jpg
338,http://www.nationalgeographic.co.jp/news/news_article.php?file_id=20140722002,kana321,27,ニュース - 環境 - 観賞魚はどこから来るのか？ - ナショナルジオグラフィック 公式日本語サイト（ナショジオ）,http://cdn-ak.b.st-hatena.com/entryimage/208491097-1406011763.jpg
339,http://www.nationalgeographic.co.jp/news/news_article.php?file_id=20140722003,kana321,9,ニュース - 環境 - 密漁の取締りに無人機を活用 - ナショナルジオグラフィック 公式日本語サイト（ナショジオ）,http://cdn-ak.b.st-hatena.com/entryimage/208556553-1406019212.jpg
340,http://rocketnews24.com/2014/07/22/467644/,kana321,11,【マジかよ】スシローが完全に開き直っている件 / お台場にフライドポテト専門店『ポテロー』をオープン | ロケットニュース24,http://cdn-ak.b.st-hatena.com/entryimage/208515017-1406012734.jpg
341,http://rocketnews24.com/2014/07/22/468312/,kana321,46,【世界美女アスリート探訪】女子バレー・ジュニアのカザフ代表が美脚美人だと大注目!! 脚の長さはなんと120センチ | ロケットニュース24,http://cdn-ak.b.st-hatena.com/entryimage/208645985-1406038310.jpg
342,http://gigazine.net/news/20130509-dyslexie-font/,kana321,143,失読症でも読みやすくなるデザインを駆使しまくったフォント「Dyslexie」 - GIGAZINE,http://cdn-ak.b.st-hatena.com/entryimage/144865422-1368079737.jpg
343,http://labaq.com/archives/51750348.html,kana321,24,うわああ…アヒルのヒナが追いかけてくる！（動画）:らばQ,http://cdn-ak.b.st-hatena.com/entryimage/98345718-1340035974.jpg
344,http://labaq.com/archives/51750341.html,kana321,10,いったいどこに!?　隠れたり変装している人々の写真いろいろ:らばQ,http://cdn-ak.b.st-hatena.com/entryimage/98365598-1340057306.jpg
345,http://labaq.com/archives/51750446.html,kana321,37,読まなくなった本の再利用をかなり意欲的に考えた24のアイデア:らばQ,http://cdn-ak.b.st-hatena.com/entryimage/98468338-1340113554.jpg
346,http://labaq.com/archives/51750480.html,kana321,12,ペンギンと犬が必死に遊ぼうとするも…近くて遠い関係（動画）:らばQ,http://cdn-ak.b.st-hatena.com/entryimage/98476094-1340119317.jpg
347,http://www.lifehacker.jp/2013/03/130323how_to_bounce_back_stronger.html,kana321,67,挫折を生かすための3つのヒント : ライフハッカー［日本版］,http://cdn-ak.b.st-hatena.com/entryimage/137712374-1364009460.jpg
348,http://www.atmarkit.co.jp/ait/articles/0703/13/news095.html,kana321,12,5分でネットがわかるシリーズ（10）：巨人の力を使っちゃえ！Web APIを使えば、あなたの夢も一発で実現 (1/5) - ＠IT,http://cdn-ak.b.st-hatena.com/entryimage/135447658-1362552011.jpg
349,http://www.afpbb.com/articles/-/3021101,kana321,27,HIVの「隠れ家」、感染後早期に形成か 完治の希望弱まる　写真1枚　国際ニュース：AFPBB News,http://cdn-ak.b.st-hatena.com/entryimage/208456545-1406003310.jpg
350,http://www.lifehacker.jp/2014/07/140722boss.html,kana321,48,「こんな上司と仕事したくない！」と思ったら考えるべき6つのこと【LHベストヒッツ】 ｜ ライフハッカー［日本版］,http://cdn-ak.b.st-hatena.com/entryimage/208615865-1406030893.jpg
351,http://www.afpbb.com/articles/-/3021175,kana321,13,米メキシコ国境に州兵1000人配備へ、テキサス州知事　写真1枚　国際ニュース：AFPBB News,http://cdn-ak.b.st-hatena.com/entryimage/208603077-1406027929.jpg
352,http://morning.moae.jp/news/1365,kana321,82,モーツー大型新連載、本日開幕。士郎正宗の不朽の名作SFに天才・黒田硫黄が挑む『アップルシードα』、ついにそのベールを脱ぐ！ - モーニング公式サイト - モアイ,http://cdn-ak.b.st-hatena.com/entryimage/208345229-1405961582.jpg
353,http://togetter.com/li/696144,kana321,78,『俺の屍を越えてゆけ2』発売後の桝田省治氏とプレイヤー等のやりとり #俺屍2 - Togetterまとめ,http://cdn-ak.b.st-hatena.com/entryimage/208331157-1405959667.jpg
354,http://number.bunshun.jp/articles/-/821303,kana321,67,NBAやMLBより人気。W杯が米国に起こした旋風。～“サッカー不毛の地”は今や昔～ [SCORE CARD] - Number Web - ナンバー,http://cdn-ak.b.st-hatena.com/entryimage/208419873-1405992840.jpg
355,http://www.gizmodo.jp/2014/07/_22015.html,kana321,33,「ファイト・クラブ 2」、2015年に公開予定！ : ギズモード・ジャパン,http://cdn-ak.b.st-hatena.com/entryimage/208542705-1406018343.jpg
356,http://www.afpbb.com/articles/-/3021201,kana321,12,ドゥンガ氏、ブラジル代表監督に就任　写真1枚　国際ニュース：AFPBB News,http://cdn-ak.b.st-hatena.com/entryimage/208759277-1406080860.jpg
357,http://rocketnews24.com/2014/07/22/465789/,kana321,12,電車内で見る松岡修造の「汗かき予報」が暑苦しすぎると話題に / Twitterユーザーの声「修造が8人くらいいた」「余計に暑い」 | ロケットニュース24,http://cdn-ak.b.st-hatena.com/entryimage/208614281-1406030616.jpg
358,http://juverk.hatenablog.com/entry/2014/07/22/183005,kana321,82,Amazonでついついクリックしてしまった可愛い女の子のサムネ集 7選 - 自省log,http://cdn-ak.b.st-hatena.com/entryimage/208584557-1406025366.jpg
359,http://www.afpbb.com/articles/-/3021142,kana321,12,MERSウイルス、ラクダ小屋の空気から遺伝子の断片　写真1枚　国際ニュース：AFPBB News,http://cdn-ak.b.st-hatena.com/entryimage/208540209-1406017007.jpg
360,http://www.nationalgeographic.co.jp/news/news_article.php?file_id=20140722005,kana321,18,ニュース - 科学＆宇宙 - 遺伝子工学で外来種を駆除 - ナショナルジオグラフィック 公式日本語サイト（ナショジオ）,http://cdn-ak.b.st-hatena.com/entryimage/208597485-1406026404.jpg
361,http://kabumatome.doorblog.jp/archives/65800117.html,kana321,90,プリンシバル・コーポレーション深夜22時10分のお知らせ「預金口座に払い込まれた2億円が全額引き出され行方不明となっている事実が判明致しました」 : 市況かぶ全力２階建,http://cdn-ak.b.st-hatena.com/entryimage/208674281-1406045324.jpg
362,http://blog.livedoor.jp/nwknews/archives/4713851.html,kana321,321,札幌市民の俺がおいしいラーメン屋トップ10を発表する:哲学ニュースnwk,http://cdn-ak.b.st-hatena.com/entryimage/208615069-1406030812.jpg
363,http://eat-the.com/bass/soundmake/,kana321,93,ベースの音作りはこれで完璧！アンプで抜けの良い音を作るコツ,http://cdn-ak.b.st-hatena.com/entryimage/208674441-1406045395.jpg
364,http://www.fashionsnap.com/the-posts/2014-07-21/post-176/,kana321,70,地方百貨店の改革 買い取らないと無理では？ | Fashionsnap.com,http://cdn-ak.b.st-hatena.com/entryimage/208330173-1405958847.jpg
365,http://www3.nhk.or.jp/news/html/20140722/k10013199421000.html,kana321,157,東京都 五輪会場の一部で千葉移転を検討　NHKニュース,http://cdn-ak.b.st-hatena.com/entryimage/208580825-1406023622.jpg
366,http://bylines.news.yahoo.co.jp/usuimafumi/20140721-00037585/,kana321,170,ネットと世間に流れる「少女はなぜ逃げなかったか」に答える：岡山小６少女誘拐監禁事件被害者保護のために(碓井 真史) - 個人 - Yahoo!ニュース,http://cdn-ak.b.st-hatena.com/entryimage/208325721-1405956581.jpg
367,http://www.if-gakushihoken.com/doshiro/yokin/,kana321,66,預金がインフレに弱いは根拠が薄い｜保険約款には載らない保険の雑学,http://cdn-ak.b.st-hatena.com/entryimage/208603709-1406028359.jpg
368,http://bylines.news.yahoo.co.jp/koizumiyu/20140722-00037613/,kana321,166,マレーシア機撃墜　米露の熾烈な情報戦(小泉 悠) - 個人 - Yahoo!ニュース,http://cdn-ak.b.st-hatena.com/entryimage/208550109-1406019059.jpg
369,http://www.eyescream.jp/news-all/tsubomi-in-4k,kana321,236,世界初！ AVクイーンつぼみの4K映像が無料配信スタート。 | NEWS | EYESCREAM.JP - For Creative Living,http://cdn-ak.b.st-hatena.com/entryimage/208563193-1406020837.jpg
370,http://bainebi-dayo.doorblog.jp/archives/10167434.html,kana321,116,Get Wildより夜のドライブに合う曲は存在しない : バイネビ,http://cdn-ak.b.st-hatena.com/entryimage/208661509-1406042196.jpg
371,http://pentarone.hatenablog.com/entry/2014/07/22/214134,kana321,139,英語版と日本語吹き替え版の違い：謎解きのためのキーワード - ◇◇ ぺんたろーぬのFROZEN考察 ◇◇,http://cdn-ak.b.st-hatena.com/entryimage/208629665-1406034355.jpg
372,http://nomolk.hatenablog.com/entry/2014/07/23/002733,kana321,121,ヘボコンとはなんだったのか - nomolkのブログ,http://cdn-ak.b.st-hatena.com/entryimage/208664409-1406043326.jpg
373,http://japanese.engadget.com/2014/07/22/hiv/,kana321,137,米大学研究者がヒト細胞からHIVウイルスの根絶に成功、エイズ完治に道。ゲノム編集技術を活用 - Engadget Japanese,http://cdn-ak.b.st-hatena.com/entryimage/208716277-1406060353.jpg
374,http://www.ikedahayato.com/20140723/10108734.html,kana321,116,IT系ブロガー必見！freee、ココナラ、BASE、クラウドワークス…「アフィリエイト」で紹介できるおすすめウェブサービス一覧 : まだ東京で消耗してるの？,http://cdn-ak.b.st-hatena.com/entryimage/208734373-1406071225.jpg
375,http://kabumatome.doorblog.jp/archives/65795933.html,kana321,141,矢澤にこさん発祥、人気キャラお誕生日投資法 : 市況かぶ全力２階建,http://cdn-ak.b.st-hatena.com/entryimage/208728725-1406066846.jpg
376,http://headlines.yahoo.co.jp/hl?a=20140723-00000008-asahi-soci,kana321,137,警視庁名簿に新選組「斎藤一」　スパイ活動を担当か （朝日新聞デジタル） - Yahoo!ニュース,http://cdn-ak.b.st-hatena.com/entryimage/208729425-1406067828.jpg
377,http://diamond.jp/articles/-/56455,kana321,181,「産め」の次は「働け」？配偶者控除見直し？安倍政権なに言ってんだ！保育園整備が先だろ！――ワーキングマザーぶちまけ座談会｜配偶者控除見直しの是非を考える｜ダイヤモンド・オ,http://cdn-ak.b.st-hatena.com/entryimage/208733229-1406069773.jpg
378,http://nlab.itmedia.co.jp/nl/articles/1407/23/news056.html,kana321,183,んにゃあああ！　家猫のあり余るエネルギーをハムスターみたいに発散させる回転ぐるまが登場 - ねとらぼ,http://cdn-ak.b.st-hatena.com/entryimage/208764225-1406083321.jpg
379,http://jbpress.ismedia.jp/articles/-/41296,kana321,102,米国の大学を侵食する中国の「孔子学院」 全米最大級の教授組織が抗議声明：JBpress(日本ビジネスプレス),http://cdn-ak.b.st-hatena.com/entryimage/208678041-1406047503.jpg
380,http://ascii.jp/elem/000/000/913/913202/,kana321,578,ASCII.jp：データ消失！あのとき、ファーストサーバになにが起こったか？ (1/2)｜データ消失事故から2年！ファーストサーバ、再生への第一歩,http://cdn-ak.b.st-hatena.com/entryimage/208748797-1406077279.jpg
381,http://www.asahi.com/articles/ASG7D05N1G7CUTIL066.html,kana321,247,予算１０兆円増、大学無償化　下村文科相が　構想発表：朝日新聞デジタル,http://cdn-ak.b.st-hatena.com/entryimage/208726461-1406065384.jpg
382,http://www.green-label-relaxing.jp/blog/2014/07/201407-44560.html,kana321,134,【プレゼントに迷ったら】月齢別 ベビー服のサイズ＆おもちゃ早見表 | Staff Blog | UNITED ARROWS green label relaxing,http://cdn-ak.b.st-hatena.com/entryimage/208543357-1406018516.jpg
383,http://aidama.info/happyrakugaki002/,kana321,73,旅行ノートや手帳に活用できる『思いを伝えるラクガキワークショップ』 | 藍玉スタイル,http://cdn-ak.b.st-hatena.com/entryimage/208424089-1405993699.jpg
384,http://m3q.jp/t/2292,kana321,154,組立自由な万能家具！100均の「ワイヤーネット」を使った収納活用術 - M3Q - 女性のためのキュレーションメディア,http://cdn-ak.b.st-hatena.com/entryimage/208490841-1406011614.jpg
385,http://homare-temujin.hatenablog.com/entry/2014/07/22/195930,kana321,138,ビギナーでも作れる！〜茄子のドライカレー〜 - 今日、なに食べよう？〜有機野菜の畑から～,http://cdn-ak.b.st-hatena.com/entryimage/208613077-1406029840.jpg
386,http://labaq.com/archives/51830840.html,kana321,207,知っておくと便利…キャンプやBBQで使える15のライフハック:らばQ,http://cdn-ak.b.st-hatena.com/entryimage/208613937-1406030466.jpg
387,http://fahrenheitizep.hateblo.jp/entry/2014/07/22/200000,kana321,174,シャツの襟汚れが劇的に落ちる洗剤、手抜きで出来るシワ対策 - Asobi.,http://cdn-ak.b.st-hatena.com/entryimage/208602297-1406027159.jpg
388,http://www.slideshare.net/ficcblog/ccl-web-vol6-2014web,kana321,219,[CCL web vol.6] 2014年のWebデザイントレンドと 本当に必要とされるデザインと手法,http://cdn-ak.b.st-hatena.com/entryimage/208562617-1406020611.jpg
389,http://www.asahi.com/articles/ASG7Q5J38G7QULFA01T.html,kana321,288,ベネッセ、非会員の情報も流出　カード情報も漏れた恐れ：朝日新聞デジタル,http://cdn-ak.b.st-hatena.com/entryimage/208640845-1406036979.jpg
390,http://it.slashdot.jp/story/14/07/22/0613210/,kana321,424,Cookieを使わずにユーザーを追跡する仕組みが普及しつつある | スラッシュドット・ジャパン IT,http://cdn-ak.b.st-hatena.com/entryimage/208517549-1406014274.jpg
391,http://bipblog.com/archives/4827135.html,kana321,175,おすすめのYouTube動画をおしえろん BIPブログ,http://cdn-ak.b.st-hatena.com/entryimage/208237861-1405936235.jpg
392,http://blog.livedoor.jp/livejupiter2/archives/7413840.html,kana321,160,【ハマスタ】 少年にプレゼントされたボールを強奪する大人気ないBBAが中継される : なんJ（まとめては）いかんのか？,http://cdn-ak.b.st-hatena.com/entryimage/208634709-1406036232.jpg
393,http://www.asahi.com/articles/ASG7Q56Q7G7QUHBI017.html,kana321,165,工場従業員「死にはしない」　期限切れ肉、長年使用か：朝日新聞デジタル,http://cdn-ak.b.st-hatena.com/entryimage/208658581-1406040745.jpg
394,http://codezine.jp/article/detail/7876,kana321,420,Webアプリをあっという間にカッコよく！ BootstrapによるレスポンシブWebレイアウト （1/4）：CodeZine,http://cdn-ak.b.st-hatena.com/entryimage/208478329-1406008306.jpg
395,http://www.j-league.or.jp/release/000/00005923.html,kana321,115,Ｊリーグ - 2013年度Ｊクラブ経営情報開示,http://cdn-ak.b.st-hatena.com/entryimage/208540057-1406016909.jpg
396,http://279-design.com/blog/2014/07/22/design-playback/,kana321,239,あの頃みんな若かった。国内有名16サイトの2008年→2014年のデザイン比較 | 279-design,http://cdn-ak.b.st-hatena.com/entryimage/208424669-1405994248.jpg
397,http://sankei.jp.msn.com/politics/news/140722/plc14072217540017-n1.htm,kana321,172,「ＡＫＢに一流品はいないが…」　麻生副総理がＡＫＢで「日本の底力」を指摘 - MSN産経ニュース,http://cdn-ak.b.st-hatena.com/entryimage/208582629-1406023941.jpg
398,http://gigazine.net/news/20140723-work-shorter-make-better/,kana321,377,8時間労働が誕生した経緯と労働時間を短縮すべき理由 - GIGAZINE,http://cdn-ak.b.st-hatena.com/entryimage/208726681-1406065741.jpg
399,http://ppt.design4u.jp/design-template-single-version/,kana321,1773,「1枚」で、パワーポイントの品質と生産性を向上させるデザイン・テンプレート｜PowerPoint Design,http://cdn-ak.b.st-hatena.com/entryimage/208605513-1406029150.jpg
400,http://hamusoku.com/archives/8461725.html,kana321,80,【野球】子供から夢とボールを奪い取るおばはんを御覧くださいｗｗｗｗｗｗｗｗｗ:ハムスター速報,http://cdn-ak.b.st-hatena.com/entryimage/208644177-1406037960.jpg
401,http://blog.livedoor.jp/kinisoku/archives/4125692.html,kana321,402,【画像あり】佐野ひなこのパーフェクトバデェwwww：キニ速,http://cdn-ak.b.st-hatena.com/entryimage/208565361-1406021480.jpg
402,http://hatenanews.com/articles/201407/21817,kana321,164,TOKIOの夏フェス登場で大盛り上がり　観客は「圧倒的だった」「最高」とツイート - はてなニュース,http://cdn-ak.b.st-hatena.com/entryimage/208539989-1406016867.jpg
403,http://hatenanews.com/articles/201407/21454,kana321,322,行ってみたくなる珍しい“食べ放題”の店　出来たてのピザ、生ハム、バームクーヘンなど - はてなニュース,http://cdn-ak.b.st-hatena.com/entryimage/208541161-1406017751.jpg
404,http://hatenanews.com/articles/201407/21821,kana321,59,コンサート中に避難訓練を実施する「避難体験オペラ」　新国立劇場が参加者を募集 - はてなニュース,http://cdn-ak.b.st-hatena.com/entryimage/208544429-1406018686.jpg
405,http://hatenanews.com/articles/201407/4086,kana321,92,水回りの清掃、鍋の焦げ付き、ラムネにも――掃除やお菓子作りに使える“重曹活用法” - はてなニュース,http://cdn-ak.b.st-hatena.com/entryimage/208582969-1406024246.jpg
406,http://suzukidesu23.hateblo.jp/entry/uchiyu15,kana321,328,お薦めの内湯がすばらしい温泉15選 - 鈴木です。,http://cdn-ak.b.st-hatena.com/entryimage/208602117-1406026950.jpg
407,http://syuraw.hatenablog.com/entry/2013/12/23/215146,kana321,89,草食系男子の増加は「メモリの無駄使い」が原因？ - ゆーすとの日記,http://cdn-ak.b.st-hatena.com/entryimage/174619546-1387805536.jpg
408,http://kousyou.cc/archives/6830,kana321,169,怪獣名によくある「〇〇ゴン」の由来？ | Kousyoublog,http://cdn-ak.b.st-hatena.com/entryimage/208660517-1406041238.jpg
409,http://toyokeizai.net/articles/-/42630,kana321,169,SNSで業界が一変､米新興メディアの拡散力 | 週刊東洋経済 | 東洋経済オンライン | 新世代リーダーのためのビジネスサイト,http://cdn-ak.b.st-hatena.com/entryimage/208541201-1406017754.jpg
410,http://n-knuckles.com/case/society/news001588.html,kana321,344,岡山小5女児監禁事件でマスコミが「オタク差別」を繰り返すのはなぜか,http://cdn-ak.b.st-hatena.com/entryimage/208516121-1406013536.jpg
411,http://nge.jp/2014/07/22/post-2377,kana321,332,MITの衝撃動画「7本の指」片手の能力が向上するとどうなるか | FUTURUS（フトゥールス）,http://cdn-ak.b.st-hatena.com/entryimage/208561165-1406019723.jpg
412,http://nejiko.hatenadiary.com/entry/2014/07/23/071540,kana321,385,配偶者のことを主人と呼ぶのが生理的に受け付けない問題 - カリントボンボン,http://cdn-ak.b.st-hatena.com/entryimage/208729661-1406068126.jpg
413,http://www.afpbb.com/articles/-/3021192,kana321,18,ボコ・ハラム襲撃で1万5000人避難、ナイジェリア　写真1枚　国際ニュース：AFPBB News,http://cdn-ak.b.st-hatena.com/entryimage/208643253-1406037320.jpg
414,http://cookpad.com/recipe/2184895,kana321,8,うちの納豆オムレツ by kebeibiko [クックパッド] 簡単おいしいみんなのレシピが177万品,http://cdn-ak.b.st-hatena.com/entryimage/208501709-1406012247.jpg
415,http://cookpad.com/recipe/1508403,kana321,18,人参と南瓜の卵焼き by とよさんダーリン [クックパッド] 簡単おいしいみんなのレシピが177万品,http://cdn-ak.b.st-hatena.com/entryimage/208740885-1406074083.jpg
416,http://www.afpbb.com/articles/-/3021181,kana321,21,理想の男性は「富豪であれが大きい人」、豪女性議員が発言を謝罪　写真1枚　国際ニュース：AFPBB News,http://cdn-ak.b.st-hatena.com/entryimage/208618489-1406032182.jpg
417,http://www.afpbb.com/articles/-/3021153,kana321,86,今度はシリア上空を飛行、マレーシア航空にさらなる非難　写真1枚　国際ニュース：AFPBB News,http://cdn-ak.b.st-hatena.com/entryimage/208518093-1406014517.jpg
418,http://gigazine.net/news/20140722-developer-economics-q3-2014/,kana321,119,「スマホアプリ開発で大金を稼ぐのは全体のたった2％」など、アプリビジネスに関する恐るべき実態を明かすレポート「Developer Economics Q3 2014」が公開 - GIGAZINE,http://cdn-ak.b.st-hatena.com/entryimage/208602161-1406026956.jpg
419,http://www.lifehacker.jp/2014/07/140722employee.html,kana321,319,社員が働きたくなる会社にする、驚くほど簡単な7つの方法 ｜ ライフハッカー［日本版］,http://cdn-ak.b.st-hatena.com/entryimage/208631889-1406035503.jpg
420,http://karapaia.livedoor.biz/archives/52168563.html,kana321,239,自分の記憶があてにならない10の理由 : カラパイア,http://cdn-ak.b.st-hatena.com/entryimage/208562053-1406020414.jpg
421,http://nlab.itmedia.co.jp/nl/articles/1407/22/news129.html,kana321,60,初音ミクを実写合成できるARカメラ「みくちゃ」　ポーズや表情、光の当て具合も自在に設定 - ねとらぼ,http://cdn-ak.b.st-hatena.com/entryimage/208556205-1406019224.jpg
422,http://www.lifehacker.jp/2014/07/140722yo_server_is_down.html,kana321,27,指定したウェブサービスが落ちたYoと通知してくれる「Yo server is down」 ｜ ライフハッカー［日本版］,http://cdn-ak.b.st-hatena.com/entryimage/208396773-1405982389.jpg
423,http://gigazine.net/news/20140722-back-door-ios/,kana321,193,AppleのiOSにはユーザー監視用のバックドアが秘密裏に設けられていたことが判明 - GIGAZINE,http://cdn-ak.b.st-hatena.com/entryimage/208416405-1405991622.jpg
424,http://www.itmedia.co.jp/pcuser/articles/1407/23/news051.html,peketamin,41,PCゲームならarkへ!!：「パソコンSHOPアーク」がPCゲーマーに支持される理由 - ITmedia PC USER,http://cdn-ak.b.st-hatena.com/entryimage/208792437-1406090796.jpg
425,http://blog.nakatanigo.net/entame/altynbekova-sabina,peketamin,149,次世代の美人すぎるバレーボール選手「Altynbekova Sabina」が話題に！:ゆきふる,http://cdn-ak.b.st-hatena.com/entryimage/208758269-1406080190.jpg
426,http://nge.jp/2014/06/30/post-1365,peketamin,104,YouTubeで300万回再生「東大開発の新技術」がまるで魔法 | FUTURUS（フトゥールス）,http://cdn-ak.b.st-hatena.com/entryimage/208776981-1406086541.jpg
427,http://www.asahi.com/articles/ASG7H5DRMG7HUTIL038.html,peketamin,26,航空宇宙を学べる中高一貫男子校　鹿児島に来春開校：朝日新聞デジタル,http://cdn-ak.b.st-hatena.com/entryimage/208859573-1406103918.jpg
428,http://www.asahi.com/articles/ASG7P5G1JG7PUTQP01K.html,peketamin,52,大砂嵐、断食月とがっぷり四つ　名古屋で試練の１５日間：朝日新聞デジタル,http://cdn-ak.b.st-hatena.com/entryimage/208796049-1406092677.jpg
429,http://news.mynavi.jp/news/2014/07/23/124/,peketamin,161,東京都・恵比寿に、IQ140以上を保証する保育園誕生! - 未達の場合は返金も | マイナビニュース,http://cdn-ak.b.st-hatena.com/entryimage/208778281-1406086928.jpg
430,http://hatenanews.com/articles/201407/21833,peketamin,194,ウイスキー「山崎」を使ったかき氷、京都のビアガーデンに登場　最後は炭酸水をかけてハイボールに - はてなニュース,http://cdn-ak.b.st-hatena.com/entryimage/208795705-1406092418.jpg
431,http://www.asahi.com/articles/ASG7P6RKYG74PTIL04N.html,peketamin,110,銃マニア、規制の抜け穴使い２１丁所持　ついに押収：朝日新聞デジタル,http://cdn-ak.b.st-hatena.com/entryimage/208813373-1406095706.jpg
432,http://banban.hatenablog.com/entry/2014/07/23/205310,peketamin,67,まず抜きましょう。治りませんし金額はいくらかかるかわかりません。歯周病（２） - おうつしかえ,http://cdn-ak.b.st-hatena.com/entryimage/208923161-1406116968.jpg
433,http://diamond.jp/articles/-/56457,peketamin,298,頭もいい、人もいい、でも仕事ができない――。「マイルドなタダ乗り社員」が招く組織の緩やかな死｜ニューロビジネス思考で炙り出せ！勝てない組織に根付く「黒い心理学」　渡部幹｜,http://cdn-ak.b.st-hatena.com/entryimage/208732121-1406069177.jpg
434,http://www.gamespark.jp/article/2014/07/23/50246.html,peketamin,199,レースゲームの「ゴースト」を通して10年前に死んだ父と再会した青年 | Game*Spark - 国内・海外ゲーム情報サイト,http://cdn-ak.b.st-hatena.com/entryimage/208889429-1406110280.jpg
435,http://ggsoku.com/2014/07/windows-9-all-in-one/,peketamin,315,米マイクロソフト、Windows9でOSを1つに統合 ―公式発表 | GGSOKU - ガジェット速報,http://cdn-ak.b.st-hatena.com/entryimage/208814165-1406113247.jpg
436,https://cakes.mu/posts/6229,peketamin,33,【第22回】人類は滅びないほうがおかしい。｜川上量生の胸のうち｜川上量生｜cakes（ケイクス）,http://cdn-ak.b.st-hatena.com/entryimage/208772857-1406084635.jpg
437,http://portal.nifty.com/kiji/140723164674_1.htm,peketamin,33,夏は池袋で毒づくし！ 毒毒毒毒毒毒毒毒毒展（もうどく展） - デイリーポータルZ：@nifty,http://cdn-ak.b.st-hatena.com/entryimage/208762705-1406082026.jpg
438,http://www3.nhk.or.jp/tokai-news/20140723/3190031.html,peketamin,126,青い光が目に悪影響仕組み解明 - NHK 東海 NEWS WEB,http://cdn-ak.b.st-hatena.com/entryimage/208789085-1406088706.jpg
439,http://www.lifehacker.jp/2014/07/140723book_to_read.html,peketamin,179,世界とつきあうための英会話は、中学英単語だけで充分？ ｜ ライフハッカー［日本版］,http://cdn-ak.b.st-hatena.com/entryimage/208735673-1406071855.jpg
440,http://www.standardinc.jp/reflection/article/position-of-the-close-button/,peketamin,49,モーダルを閉じるボタンのUIは右か左か | Reflection,http://cdn-ak.b.st-hatena.com/entryimage/208834613-1406100831.jpg
441,http://wp-d.org/2014/07/23/5948/,peketamin,29,WordPressプラグイン開発のバイブルを読むと何ができるようになるか。 | WP-D,http://cdn-ak.b.st-hatena.com/entryimage/208814581-1406096220.jpg
442,http://blog.btrax.com/jp/2014/07/22/travel-apps/,peketamin,46,夏本番！アメリカで使われている旅行アプリ12選 | freshtrax | btrax スタッフブログ,http://cdn-ak.b.st-hatena.com/entryimage/208739789-1406073479.jpg
443,http://paiza.hatenablog.com/entry/2014/07/23/IT%E3%82%A8%E3%83%B3%E3%82%B8%E3%83%8B%E3%82%A2%E3%81%AE%E5%9C%B0%E4%BD%8D%E3%81%A8%E3%81%AF%EF%BC%9F%E5%9B%BD%E5%88%A5%E3%80%81%E8%81%B7%E7%A8%AE%E5%88%A5%E3%81%AE%E5%B9%B4%E5%8F%8E%E6%AF%94%E8%BC%83,peketamin,73,ITエンジニアの地位とは？国別、職種別の年収比較から見えるもの - paiza開発日誌,http://cdn-ak.b.st-hatena.com/entryimage/208824205-1406103846.jpg
444,http://buseca.github.io/patternbolt/,peketamin,32,PatternBolt,http://cdn-ak.b.st-hatena.com/entryimage/208763173-1406082447.jpg
445,http://sakatakatsumi.hatenablog.com/entry/2014/07/23/102618,peketamin,39,企業内落ちこぼれの衝撃。 - 簡素な生活。,http://cdn-ak.b.st-hatena.com/entryimage/208752649-1406078845.jpg
446,http://jp.techcrunch.com/2014/07/23/20140722apple-faces-class-action-suit-affecting-20000-employees-over-pay-violations/,peketamin,22,Appleが２万名の社員からの集団訴訟に直面…カリフォルニア州労働法違反で - TechCrunch,http://cdn-ak.b.st-hatena.com/entryimage/208761021-1406081271.jpg
447,http://www.ikedahayato.com/20140723/10108734.html,peketamin,116,IT系ブロガー必見！freee、ココナラ、BASE、クラウドワークス…「アフィリエイト」で紹介できるおすすめウェブサービス一覧 : まだ東京で消耗してるの？,http://cdn-ak.b.st-hatena.com/entryimage/208734373-1406071225.jpg
448,http://qiita.com/zembutsu/items/444396b76e0db2c04c2b,peketamin,148,Docker User Guide 日本語版(仮) - Qiita,http://cdn-ak.b.st-hatena.com/entryimage/208791209-1406090448.jpg
449,http://blog.fenrir-inc.com/jp/2014/07/about-d-language.html,peketamin,213,C言語に置き換わるか？現在はFacebookで開発されているD言語について (フェンリル | デベロッパーズブログ),http://cdn-ak.b.st-hatena.com/entryimage/208788737-1406094021.jpg
450,http://ascii.jp/elem/000/000/913/913202/,peketamin,578,ASCII.jp：データ消失！あのとき、ファーストサーバになにが起こったか？ (1/2)｜データ消失事故から2年！ファーストサーバ、再生への第一歩,http://cdn-ak.b.st-hatena.com/entryimage/208748797-1406077279.jpg
451,http://pc.nikkeibp.co.jp/article/knowhow/20140718/1137346/,peketamin,7,【第2回】Apple IDで困ったときにはここをチェック！《Apple IDの「困った！」にお答えします》,http://cdn-ak.b.st-hatena.com/entryimage/208733821-1406070680.jpg
452,http://www.yasuhisa.com/could/article/single-column/,peketamin,126,シングルカラムから始める情報設計 : could,http://cdn-ak.b.st-hatena.com/entryimage/208741661-1406074814.jpg
453,http://takanoridayo.blog.shinobi.jp/Entry/278/,peketamin,13,世界のレジストラ、王者GoDaddy、追いかけるインドDISとGMO｜インターネット界隈の事を調べるお,http://cdn-ak.b.st-hatena.com/entryimage/208742637-1406075636.jpg
454,http://wired.jp/2014/07/23/neoface/,peketamin,17,20カ国超の犯罪捜査に使われている、進化した顔認証技術（動画あり） « WIRED.jp,http://cdn-ak.b.st-hatena.com/entryimage/208748649-1406077115.jpg
455,http://attrip.jp/133248/,peketamin,11,【放送事故】安全なプラグに疑問を感じ、ツッコミを入れてしまった女優さん。スタジオ騒然。,http://cdn-ak.b.st-hatena.com/entryimage/208750253-1406078361.jpg
456,http://a-mp.jp/article.php?id=1038,peketamin,299,エヴァ監督が学生時代に作ったパラパラ漫画が凄すぎ！ | Amp.,http://cdn-ak.b.st-hatena.com/entryimage/208331069-1405959539.jpg
457,http://sankei.jp.msn.com/politics/news/140722/plc14072217540017-n1.htm,peketamin,172,「ＡＫＢに一流品はいないが…」　麻生副総理がＡＫＢで「日本の底力」を指摘 - MSN産経ニュース,http://cdn-ak.b.st-hatena.com/entryimage/208582629-1406023941.jpg
458,http://gigazine.net/news/20140723-work-shorter-make-better/,peketamin,377,8時間労働が誕生した経緯と労働時間を短縮すべき理由 - GIGAZINE,http://cdn-ak.b.st-hatena.com/entryimage/208726681-1406065741.jpg
459,http://nejiko.hatenadiary.com/entry/2014/07/23/071540,peketamin,385,配偶者のことを主人と呼ぶのが生理的に受け付けない問題 - カリントボンボン,http://cdn-ak.b.st-hatena.com/entryimage/208729661-1406068126.jpg
460,http://bipblog.com/archives/4827135.html,peketamin,175,おすすめのYouTube動画をおしえろん BIPブログ,http://cdn-ak.b.st-hatena.com/entryimage/208237861-1405936235.jpg
461,http://bipblog.com/archives/4828095.html,peketamin,37,元ホストの俺がお前らにナンパ必勝法教える BIPブログ,http://cdn-ak.b.st-hatena.com/entryimage/208331217-1405959706.jpg
462,http://n-knuckles.com/case/society/news001588.html,peketamin,344,岡山小5女児監禁事件でマスコミが「オタク差別」を繰り返すのはなぜか,http://cdn-ak.b.st-hatena.com/entryimage/208516121-1406013536.jpg
463,http://www.iphone-girl.jp/2014/07/366225/,peketamin,53,日付や天気、メッセージを知らせてくれるiPｈoneバンパーが開発されました！ - iPhone女史,http://cdn-ak.b.st-hatena.com/entryimage/208157289-1405917885.jpg
464,http://u-note.me/note/47498750,peketamin,192,【ゲーム廃人続出中？】Google発の位置情報ゲーム「Ingress」がついにiOS版リリース | U-NOTE【ユーノート】,http://cdn-ak.b.st-hatena.com/entryimage/208183337-1405922966.jpg
465,http://qiita.com/susieyy/items/1eddfe26b248c741b902,peketamin,38,iPhone - Xcode6 Beta4 でアクセス修飾子がきた！ - Qiita,http://cdn-ak.b.st-hatena.com/entryimage/208438773-1405999084.jpg
466,http://okwave.jp/qa/q368609.html,peketamin,2,[Q&A] 自白剤で本当に自白してしまうんですか？ 【OKWave】,http://cdn-ak.b.st-hatena.com/entryimage/196865718-1401113025.jpg
467,http://www.iza.ne.jp/kiji/events/news/120726/evt12072621160001-n1.html,peketamin,4,「売れる」薬品混ぜて量産　住宅街の「脱法ハーブ工場」潜入ルポ：イザ！,http://cdn-ak.b.st-hatena.com/entryimage/204944625-1405224941.jpg
468,http://blogos.com/article/90924/,peketamin,26,日本人の英語はうまくなるのか？,http://cdn-ak.b.st-hatena.com/entryimage/208368153-1405968569.jpg
469,http://matome.naver.jp/odai/2140586350082258101,peketamin,18,かき氷を自宅でおいしく作る4つのコツと、絶品かき氷レシピ20選 - NAVER まとめ,http://cdn-ak.b.st-hatena.com/entryimage/208453037-1406001901.jpg
470,http://irorio.jp/sousuke/20140722/150106/,peketamin,47,【朗報】HIVウイルスを死滅させる世界初のコンドームが登場間近！ - IRORIO（イロリオ）,http://cdn-ak.b.st-hatena.com/entryimage/208455673-1406002553.jpg
471,http://kousyou.cc/archives/6830,peketamin,169,怪獣名によくある「〇〇ゴン」の由来？ | Kousyoublog,http://cdn-ak.b.st-hatena.com/entryimage/208660517-1406041238.jpg
472,http://www.4gamer.net/games/265/G026573/20140718148/,peketamin,32,打たれてから本領発揮？　iOS向けピッチングゲーム「カイエン青山 〜伝説過ぎるピッチャー〜」を紹介する「（ほぼ）日刊スマホゲーム通信」第598回 - 4Gamer.net,http://cdn-ak.b.st-hatena.com/entryimage/208417377-1405992124.jpg
473,http://www.inside-games.jp/article/2014/07/22/78785.html,peketamin,42,『ストリートファイター』の主人公キャラ「リュウ」、50歳の誕生日を迎える | インサイド,http://cdn-ak.b.st-hatena.com/entryimage/208540097-1406016953.jpg
474,http://bainebi-dayo.doorblog.jp/archives/10167434.html,peketamin,116,Get Wildより夜のドライブに合う曲は存在しない : バイネビ,http://cdn-ak.b.st-hatena.com/entryimage/208661509-1406042196.jpg
475,http://nomolk.hatenablog.com/entry/2014/07/23/002733,peketamin,121,ヘボコンとはなんだったのか - nomolkのブログ,http://cdn-ak.b.st-hatena.com/entryimage/208664409-1406043326.jpg
476,http://blog.livedoor.jp/nwknews/archives/4713851.html,peketamin,321,札幌市民の俺がおいしいラーメン屋トップ10を発表する:哲学ニュースnwk,http://cdn-ak.b.st-hatena.com/entryimage/208615069-1406030812.jpg
477,http://www.tokyo-sports.co.jp/nonsec/social/292500/,peketamin,175,中国人もびっくり！ミスコリア決勝進出者５０人“全員”同じ顔 | 東スポＷeb – 東京スポーツ新聞社,http://cdn-ak.b.st-hatena.com/entryimage/208446457-1406001013.jpg
478,http://juverk.hatenablog.com/entry/2014/07/22/183005,peketamin,82,Amazonでついついクリックしてしまった可愛い女の子のサムネ集 7選 - 自省log,http://cdn-ak.b.st-hatena.com/entryimage/208584557-1406025366.jpg
479,http://www.eyescream.jp/news-all/tsubomi-in-4k,peketamin,236,世界初！ AVクイーンつぼみの4K映像が無料配信スタート。 | NEWS | EYESCREAM.JP - For Creative Living,http://cdn-ak.b.st-hatena.com/entryimage/208563193-1406020837.jpg
480,http://blog.livedoor.jp/livejupiter2/archives/7413840.html,peketamin,160,【ハマスタ】 少年にプレゼントされたボールを強奪する大人気ないBBAが中継される : なんJ（まとめては）いかんのか？,http://cdn-ak.b.st-hatena.com/entryimage/208634709-1406036232.jpg
481,http://suzukidesu23.hateblo.jp/entry/uchiyu15,peketamin,328,お薦めの内湯がすばらしい温泉15選 - 鈴木です。,http://cdn-ak.b.st-hatena.com/entryimage/208602117-1406026950.jpg
482,http://b.hatena.ne.jp/entry/www.asahi.com/articles/ASG7L44JBG7LUTIL01Q.html,peketamin,8,はてなブックマーク - ベネッセ情報流出、謝罪を「外注」　派遣会社が電話対応：朝日新聞デジタル,http://cdn-ak.b.st-hatena.com/entryimage/208604209-1406028612.jpg
483,https://speakerdeck.com/ntddk/x86asenburaru-men,peketamin,89,x86アセンブラ入門 // Speaker Deck,http://cdn-ak.b.st-hatena.com/entryimage/208675625-1406046734.jpg
484,http://karapaia.livedoor.biz/archives/52168563.html,peketamin,239,自分の記憶があてにならない10の理由 : カラパイア,http://cdn-ak.b.st-hatena.com/entryimage/208562053-1406020414.jpg
485,http://pc.nikkeibp.co.jp/article/column/20140717/1137243/,peketamin,24,「反転授業は“必然”だった」――国内先駆者が明かす成功のカギ：山梨大学 工学部 電気電子工学科 塙雅典教授《山内祐平「先進事例で知る 情報化で変わる学び」》,http://cdn-ak.b.st-hatena.com/entryimage/208439565-1405999531.jpg
486,http://nge.jp/2014/07/22/post-2377,peketamin,332,MITの衝撃動画「7本の指」片手の能力が向上するとどうなるか | FUTURUS（フトゥールス）,http://cdn-ak.b.st-hatena.com/entryimage/208561165-1406019723.jpg
487,http://wired.jp/2014/07/22/snowden-nsa-nude-photos/,peketamin,40,NSA職員、一般人のヌード写真などを日常的に回覧 « WIRED.jp,http://cdn-ak.b.st-hatena.com/entryimage/208439145-1405999335.jpg
488,http://wired.jp/2014/07/22/dictionary-of-chimpanzee/,peketamin,61,世界初の「チンパンジー語」の辞書、作成される « WIRED.jp,http://cdn-ak.b.st-hatena.com/entryimage/208407293-1405987274.jpg
489,http://d.hatena.ne.jp/kusano_k/20140721/1405954449,peketamin,28,Chrome Toolboxの脆弱性を見つけてGoogleから1000ドルもらった - kusano_kの日記,http://cdn-ak.b.st-hatena.com/entryimage/208323161-1405954698.jpg
490,http://sakahara.hatenablog.jp/entry/2014/07/22/212234,peketamin,25,アジャイル開発をより良く知るために「SCRUM BOOT CAMP THE BOOK」を読んでみた - sakaharaのブログ,http://cdn-ak.b.st-hatena.com/entryimage/208618493-1406032177.jpg
491,http://www.infoq.com/jp/news/2014/07/google-programmers-build-errors,peketamin,92,Googleがプログラマのビルドエラーを研究,http://cdn-ak.b.st-hatena.com/entryimage/208466377-1406004956.jpg
492,http://www.apple.com/macbook-air/stickers/,peketamin,131,Apple - MacBook Air - Stickers,http://cdn-ak.b.st-hatena.com/entryimage/208459445-1406004406.jpg
493,http://gigazine.net/news/20140722-7-things-tor/,peketamin,94,匿名通信システム「Tor」を使うのに知っておくべき7つのこと - GIGAZINE,http://cdn-ak.b.st-hatena.com/entryimage/208616989-1406031038.jpg
494,http://web-salad.hateblo.jp/entry/2014/07/19/200347,peketamin,39,Pythonでx-means法を実装した - WEB SALAD,http://cdn-ak.b.st-hatena.com/entryimage/208580689-1406023564.jpg
495,http://nakajmg.github.io/blog/2014-07-22/think-about-gulp.html,peketamin,78,「gulpってどうなの？」に対する返答 | じまぐてっく,http://cdn-ak.b.st-hatena.com/entryimage/208580785-1406023690.jpg
496,http://yakst.com/ja/posts/615,peketamin,48,Yakst - 結果整合性データベースのいま,http://cdn-ak.b.st-hatena.com/entryimage/208617741-1406031662.jpg
497,http://www.slideshare.net/enakai/docker-34526343?related=1,peketamin,89,Dockerクイックツアー,http://cdn-ak.b.st-hatena.com/entryimage/208562097-1406020480.jpg
498,http://www.slideshare.net/ficcblog/ccl-web-vol6-2014web,peketamin,219,[CCL web vol.6] 2014年のWebデザイントレンドと 本当に必要とされるデザインと手法,http://cdn-ak.b.st-hatena.com/entryimage/208562617-1406020611.jpg
499,http://ppt.design4u.jp/design-template-single-version/,peketamin,1773,「1枚」で、パワーポイントの品質と生産性を向上させるデザイン・テンプレート｜PowerPoint Design,http://cdn-ak.b.st-hatena.com/entryimage/208605513-1406029150.jpg
500,http://it.slashdot.jp/story/14/07/22/0613210/,peketamin,424,Cookieを使わずにユーザーを追跡する仕組みが普及しつつある | スラッシュドット・ジャパン IT,http://cdn-ak.b.st-hatena.com/entryimage/208517549-1406014274.jpg
501,http://codezine.jp/article/detail/7876,peketamin,420,Webアプリをあっという間にカッコよく！ BootstrapによるレスポンシブWebレイアウト （1/4）：CodeZine,http://cdn-ak.b.st-hatena.com/entryimage/208478329-1406008306.jpg
502,http://n-styles.com/main/archives/2014/07/22-033500.php,peketamin,209,[NS] Googleのゲーム「Ingress」で丸一日全力で遊んでみた,http://cdn-ak.b.st-hatena.com/entryimage/208389277-1406049042.jpg
503,http://blog.livedoor.jp/kinisoku/archives/4125692.html,peketamin,402,【画像あり】佐野ひなこのパーフェクトバデェwwww：キニ速,http://cdn-ak.b.st-hatena.com/entryimage/208565361-1406021480.jpg
504,http://headlines.yahoo.co.jp/hl?a=20140722-00000519-san-soci,peketamin,154,土下座させ、頭踏みつけ…駅員へ「酔余の暴力」、今の時期が最も危ない （産経新聞） - Yahoo!ニュース,http://cdn-ak.b.st-hatena.com/entryimage/208518661-1406014977.jpg
505,http://jp.techcrunch.com/2014/07/22/20140721the-majority-of-todays-app-businesses-are-not-sustainable/,peketamin,288,今のアプリビジネスは、その大多数が持続不可能だ - TechCrunch,http://cdn-ak.b.st-hatena.com/entryimage/208486381-1406009047.jpg
506,http://www.nhk.or.jp/special/detail/2014/0727/index.html,peketamin,226,NHKスペシャル｜調査報告ＳＴＡＰ細胞　不正の深層（仮）,http://cdn-ak.b.st-hatena.com/entryimage/208457569-1406003944.jpg
507,http://growthhack.sirok.co.jp/growthhacks/presentation-tips/,peketamin,1391,見ないと絶対損する！プレゼン資料の印象がグッと上がる良質記事10選 | SIROKグロースハックブログ,http://cdn-ak.b.st-hatena.com/entryimage/208400733-1405983827.jpg
508,http://hatenanews.com/articles/201407/21817,peketamin,164,TOKIOの夏フェス登場で大盛り上がり　観客は「圧倒的だった」「最高」とツイート - はてなニュース,http://cdn-ak.b.st-hatena.com/entryimage/208539989-1406016867.jpg
509,http://minnano-seo.com/superficial/post3173/,peketamin,366,SEO業者はこうして倒産した | SEOとその周辺,http://cdn-ak.b.st-hatena.com/entryimage/208414097-1406006803.jpg
510,http://banban.hatenablog.com/entry/2014/07/22/123831,peketamin,341,歯周病について（１） - おうつしかえ,http://cdn-ak.b.st-hatena.com/entryimage/208456533-1406003287.jpg
511,http://www.itmedia.co.jp/news/articles/1407/22/news050.html,peketamin,478,ベネッセ流出　逮捕のSEは高度な技術者、大半の権限与えられる　「年齢別検索」も開発 (1/3) - ITmedia ニュース,http://cdn-ak.b.st-hatena.com/entryimage/208415269-1405990586.jpg
512,http://www.jiji.com/jc/c?g=soc&k=2014072200210,peketamin,116,時事ドットコム：新呼称は「危険ドラッグ」＝脱法ドラッグの代替−警察庁など,http://cdn-ak.b.st-hatena.com/entryimage/208419805-1406005936.jpg
513,http://www.nikkei.com/money/household/hokenhonto.aspx?g=DGXNASFK1201F_12072014000000,peketamin,178,保険大国ニッポンを支える「考え抜かない加入」　：保険会社が言わないホントの保険の話 ：年金・保険・税 ：マネー ：日本経済新聞,http://cdn-ak.b.st-hatena.com/entryimage/208245833-1405936690.jpg
514,http://horiemon.com/talk/10901/,peketamin,180,｢簿記の知識がなくても帳簿がつけられる！｣freee 佐々木大輔が考える企業会計の未来とは？前編 | ホリエモンドットコム,http://cdn-ak.b.st-hatena.com/entryimage/208310057-1405952445.jpg
515,http://it.slashdot.jp/story/14/07/21/0634256/,peketamin,14,広告で「汚染」されたWebコンテンツ、受け入れられる？ | スラッシュドット・ジャパン IT,http://cdn-ak.b.st-hatena.com/entryimage/208224005-1405932509.jpg
516,http://kabumatome.doorblog.jp/archives/65798945.html,peketamin,399,今まさにピカチュウに取って代わろうとしているジバニャン : 市況かぶ全力２階建,http://cdn-ak.b.st-hatena.com/entryimage/208321161-1405954349.jpg
517,http://www.sanyonews.jp/article/44508/1/,peketamin,291,自分好みに育てたかった、と供述　倉敷・女児監禁容疑で逮捕の男： 山陽新聞デジタル｜さんデジ,http://cdn-ak.b.st-hatena.com/entryimage/208110201-1405902427.jpg
518,http://morning.moae.jp/news/1365,peketamin,82,モーツー大型新連載、本日開幕。士郎正宗の不朽の名作SFに天才・黒田硫黄が挑む『アップルシードα』、ついにそのベールを脱ぐ！ - モーニング公式サイト - モアイ,http://cdn-ak.b.st-hatena.com/entryimage/208345229-1405961582.jpg
519,http://note100yen.com/en-140203.html,peketamin,2,PayPal（ペイパル）のパスワード変更が意外と面倒だったので手順メモ,http://cdn-ak.b.st-hatena.com/entryimage/180533262-1391402599.jpg
520,http://matome.naver.jp/odai/2140581697949246801,peketamin,203,画鬼と呼ばれた天才絵師、河鍋暁斎の絵にぶったまげる - NAVER まとめ,http://cdn-ak.b.st-hatena.com/entryimage/208266429-1405942278.jpg
521,http://weekly.ascii.jp/elem/000/000/239/239459/,peketamin,168,「犯人と直接話してくれ」──PayPalハッキング被害で経験した驚きの結末 - 週アスPLUS,http://cdn-ak.b.st-hatena.com/entryimage/208404217-1406002250.jpg
522,http://www.publickey1.jp/blog/14/it_2014_sier.html,peketamin,179,IT系上場企業の平均給与を業種別にみてみた 2014年版 ～ パッケージベンダ、SIer、ホスティング企業編 － Publickey,http://cdn-ak.b.st-hatena.com/entryimage/208325153-1405956286.jpg
523,http://super-wakame.hatenablog.com/entry/2014/07/22/022703,peketamin,54,SIer利益率ランキング作った - 来春からSIerブログ,http://cdn-ak.b.st-hatena.com/entryimage/208349837-1405963748.jpg
524,http://www.slideshare.net/zembutsu/docker-hands-on-nifty-sakura-jul19,peketamin,19,Docker hands on nifty sakura jul19,http://cdn-ak.b.st-hatena.com/entryimage/208396033-1405981342.jpg
525,http://jp.techcrunch.com/2014/07/22/20140721watch-ios-8s-latest-beta-transcribe-voice-to-text-in-near-real-time/,peketamin,42,iOS 8最新ベータに、（ほぼ）リアルタイム書き起こし機能がついた - TechCrunch,http://cdn-ak.b.st-hatena.com/entryimage/208409529-1405989109.jpg
526,http://www.slideshare.net/zembutsu/re-is-the-order-an-automation-2nd,peketamin,85,Re: ご注文は自動化ですか？[2],http://cdn-ak.b.st-hatena.com/entryimage/208409581-1405989172.jpg
527,http://www.pixiv.net/member_illust.php?mode=medium&illust_id=40218865,peketamin,131,日記 - 「死んで生き返りましたれぽ　その1」/「竹尾」の漫画 [pixiv],http://cdn-ak.b.st-hatena.com/entryimage/185074906-1405831428.jpg
528,http://www.nikkei.com/article/DGXNASFK0901Q_Z00C14A7000000/,peketamin,330,「誘拐」された女性が、結婚を受け入れる本当の理由　　：日本経済新聞,http://cdn-ak.b.st-hatena.com/entryimage/207753965-1405852078.jpg
529,http://gigazine.net/news/20140721-middle-east-trip-backpacker/,peketamin,28,バックパッカーの経験を積んだ8回のフライトで8カ国を繋いだ旅まとめ - GIGAZINE,http://cdn-ak.b.st-hatena.com/entryimage/208308653-1405951543.jpg
530,http://attrip.jp/133030/,peketamin,230,【動画】日本の秘境37選。写真もたくさんあるよ！,http://cdn-ak.b.st-hatena.com/entryimage/207770549-1405823123.jpg
531,http://yamanashirei.blog86.fc2.com/blog-entry-1793.html,peketamin,201,マリオのジャンプは如何にして「多機能」になっていったのか,http://cdn-ak.b.st-hatena.com/entryimage/208279045-1405944739.jpg
532,http://corobuzz.com/archives/1020,peketamin,565,覚えておいて損ナシ！心理学を駆使した今日から使える交渉術8個 | COROBUZZ,http://cdn-ak.b.st-hatena.com/entryimage/208155525-1405916596.jpg
533,http://banban.hatenablog.com/entry/2014/07/21/210417,peketamin,275,「こうして欲しい」ということは褒めちゃう。 - おうつしかえ,http://cdn-ak.b.st-hatena.com/entryimage/208279069-1405944696.jpg
534,http://www.cnn.co.jp/world/35051139.html,peketamin,196,CNN.co.jp : 改宗か死か　ＩＳＩＳがキリスト教徒に最後通告,http://cdn-ak.b.st-hatena.com/entryimage/208183161-1405922895.jpg
535,http://toraneko.hateblo.jp/entry/2014/07/21/143009,peketamin,199,セブンカフェで1杯100円払うなら1杯18円でセブンプレミアムドリップコーヒー作ろう。 - トラねこの巻,http://cdn-ak.b.st-hatena.com/entryimage/208182345-1405922297.jpg
536,http://d.hatena.ne.jp/high190/20140721/p1,peketamin,404,読売新聞「大学の実力2013」を活用した偏差値・退学率・就職率を分析した論文が興味深い - Clear Consideration（大学職員の教育分析）,http://cdn-ak.b.st-hatena.com/entryimage/208277389-1405944306.jpg
537,http://d.hatena.ne.jp/hyoshiok/20140716/p1,peketamin,29,システム管理者、感謝の日イベントに参加した。 - 未来のいつか/hyoshiokの日記,http://cdn-ak.b.st-hatena.com/entryimage/206672821-1405550916.jpg
538,http://blog.velc.jp/post/92432749429/7,peketamin,8,プロジェクトがスムーズに進むために心がけている7つこと - ヴェルク - IT起業の記録,http://cdn-ak.b.st-hatena.com/entryimage/208313801-1405954037.jpg
539,http://frm.fm/jp/,peketamin,90,FRAMED*2.0,http://cdn-ak.b.st-hatena.com/entryimage/208296489-1405949718.jpg
540,http://webdesignbookmarks.com/,peketamin,216,Web Design Bookmarks | Webデザインの参考になるトレンドまとめ,http://cdn-ak.b.st-hatena.com/entryimage/208291221-1405947401.jpg
541,http://kami30k.hateblo.jp/entry/2014/07/21/200923,peketamin,75,Webデザインのギャラリーサービス「Web Design Bookmarks」をリリースしました - kamiのサービス制作ログ,http://cdn-ak.b.st-hatena.com/entryimage/208278949-1405944623.jpg
542,http://www.slideshare.net/jamesgolick/how-to-debug-anything/28,peketamin,23,How to Debug Anything,http://cdn-ak.b.st-hatena.com/entryimage/208274217-1405943428.jpg
543,http://qiita.com/hirokidaichi/items/d6c473d8011bd9330e63,peketamin,792,何かのときにすっと出したい、プログラミングに関する法則・原則一覧 - Qiita,http://cdn-ak.b.st-hatena.com/entryimage/208313657-1405953979.jpg
544,http://www.publickey1.jp/blog/14/it_2014_1.html,peketamin,684,IT系企業の平均給与を業種別にみてみた 2014年版 ～ ネットベンチャー、ソーシャル、ゲーム編 － Publickey,http://cdn-ak.b.st-hatena.com/entryimage/208324525-1405955709.jpg
